date,station,district,longitude,latitude,pm25,temperature,rainfall,wind_speed
2026-03-01,River-1,River,126.8525,37.4955,21.4,6.6,0.0,2.7
2026-03-02,River-1,River,126.8525,37.4955,27.1,9.1,0.0,0.9
2026-03-03,River-1,River,126.8525,37.4955,30.7,9.3,0.0,2.6
2026-03-04,River-1,River,126.8525,37.4955,36.0,6.9,0.0,2.0
2026-03-05,River-1,River,126.8525,37.4955,36.0,9.7,0.0,2.2
2026-03-06,River-1,River,126.8525,37.4955,33.2,9.0,0.6,1.8
2026-03-07,River-1,River,126.8525,37.4955,26.2,7.2,0.0,1.3
2026-03-08,River-1,River,126.8525,37.4955,24.2,13.6,0.0,1.8
2026-03-09,River-1,River,126.8525,37.4955,31.0,9.2,0.0,0.6
2026-03-10,River-1,River,126.8525,37.4955,29.3,10.7,0.0,2.8
2026-03-11,River-1,River,126.8525,37.4955,28.3,14.5,0.0,2.4
2026-03-12,River-1,River,126.8525,37.4955,27.9,10.2,0.0,1.4
2026-03-13,River-1,River,126.8525,37.4955,28.8,9.6,0.0,1.5
2026-03-14,River-1,River,126.8525,37.4955,28.1,10.9,0.0,2.8
2026-03-15,River-1,River,126.8525,37.4955,26.4,10.7,0.0,0.9
2026-03-16,River-1,River,126.8525,37.4955,30.9,14.5,0.0,1.9
2026-03-17,River-1,River,126.8525,37.4955,24.0,11.1,0.0,0.7
2026-03-18,River-1,River,126.8525,37.4955,,13.9,0.0,1.5
2026-03-19,River-1,River,126.8525,37.4955,17.7,13.4,0.0,3.8
2026-03-20,River-1,River,126.8525,37.4955,27.4,14.9,2.0,2.5
2026-03-21,River-1,River,126.8525,37.4955,17.0,14.7,0.0,2.7
2026-03-22,River-1,River,126.8525,37.4955,19.1,13.1,0.0,1.7
2026-03-23,River-1,River,126.8525,37.4955,18.3,16.0,0.0,2.0
2026-03-24,River-1,River,126.8525,37.4955,21.8,15.7,0.0,2.0
2026-03-25,River-1,River,126.8525,37.4955,22.8,17.6,0.0,1.7
2026-03-26,River-1,River,126.8525,37.4955,23.0,14.2,0.0,2.2
2026-03-27,River-1,River,126.8525,37.4955,27.3,15.4,0.0,1.6
2026-03-28,River-1,River,126.8525,37.4955,20.9,17.6,0.0,3.7
2026-03-29,River-1,River,126.8525,37.4955,20.2,17.2,0.0,1.7
2026-03-30,River-1,River,126.8525,37.4955,32.4,16.5,0.0,2.1
2026-03-01,River-2,River,126.902,37.5384,26.3,7.8,0.0,1.5
2026-03-02,River-2,River,126.902,37.5384,29.7,9.5,0.0,1.8
2026-03-03,River-2,River,126.902,37.5384,32.7,7.9,0.0,2.1
2026-03-04,River-2,River,126.902,37.5384,37.8,7.8,0.0,1.6
2026-03-05,River-2,River,126.902,37.5384,36.4,9.5,0.4,2.6
2026-03-06,River-2,River,126.902,37.5384,31.8,8.7,1.3,2.2
2026-03-07,River-2,River,126.902,37.5384,24.4,11.8,0.0,2.2
2026-03-08,River-2,River,126.902,37.5384,31.3,8.9,0.0,1.6
2026-03-09,River-2,River,126.902,37.5384,36.5,10.8,0.0,1.3
2026-03-10,River-2,River,126.902,37.5384,32.3,11.4,0.0,1.6
2026-03-11,River-2,River,126.902,37.5384,38.3,9.7,0.0,1.2
2026-03-12,River-2,River,126.902,37.5384,33.7,,0.0,2.8
2026-03-13,River-2,River,126.902,37.5384,29.7,13.0,0.0,0.9
2026-03-14,River-2,River,126.902,37.5384,23.8,11.1,0.0,1.9
2026-03-15,River-2,River,126.902,37.5384,23.9,12.3,0.0,1.7
2026-03-16,River-2,River,126.902,37.5384,24.6,12.9,0.0,1.7
2026-03-17,River-2,River,126.902,37.5384,23.2,12.7,0.0,2.9
2026-03-18,River-2,River,126.902,37.5384,25.8,15.1,0.0,2.1
2026-03-19,River-2,River,126.902,37.5384,25.9,15.3,0.0,0.3
2026-03-20,River-2,River,126.902,37.5384,25.7,12.0,0.0,2.7
2026-03-21,River-2,River,126.902,37.5384,21.2,13.5,0.0,3.2
2026-03-22,River-2,River,126.902,37.5384,17.3,14.9,0.0,1.4
2026-03-23,River-2,River,126.902,37.5384,19.5,13.7,0.0,2.8
2026-03-24,River-2,River,126.902,37.5384,25.1,13.9,0.0,2.4
2026-03-25,River-2,River,126.902,37.5384,26.2,14.5,0.0,1.5
2026-03-26,River-2,River,126.902,37.5384,24.9,16.2,2.0,2.8
2026-03-27,River-2,River,126.902,37.5384,30.2,13.8,0.0,2.2
2026-03-28,River-2,River,126.902,37.5384,20.3,16.3,0.0,2.0
2026-03-29,River-2,River,126.902,37.5384,18.3,16.9,0.0,2.8
2026-03-30,River-2,River,126.902,37.5384,30.1,16.0,0.0,1.7
2026-03-01,Central-1,Central,127.0025,37.4955,37.4,8.2,0.0,2.1
2026-03-02,Central-1,Central,127.0025,37.4955,37.9,8.5,0.0,2.1
2026-03-03,Central-1,Central,127.0025,37.4955,36.9,8.2,0.0,2.4
2026-03-04,Central-1,Central,127.0025,37.4955,39.6,8.6,0.0,2.1
2026-03-05,Central-1,Central,127.0025,37.4955,38.1,8.2,5.4,2.5
2026-03-06,Central-1,Central,127.0025,37.4955,36.6,10.7,,2.9
2026-03-07,Central-1,Central,127.0025,37.4955,34.8,8.7,0.0,1.9
2026-03-08,Central-1,Central,127.0025,37.4955,31.6,7.2,0.0,1.2
2026-03-09,Central-1,Central,127.0025,37.4955,42.6,9.5,0.0,3.0
2026-03-10,Central-1,Central,127.0025,37.4955,35.3,11.1,0.0,3.1
2026-03-11,Central-1,Central,127.0025,37.4955,45.0,11.4,0.0,1.8
2026-03-12,Central-1,Central,127.0025,37.4955,38.8,11.3,0.0,1.8
2026-03-13,Central-1,Central,127.0025,37.4955,39.4,12.9,2.1,2.2
2026-03-14,Central-1,Central,127.0025,37.4955,32.8,13.1,0.0,2.5
2026-03-15,Central-1,Central,127.0025,37.4955,30.0,13.1,0.0,4.2
2026-03-16,Central-1,Central,127.0025,37.4955,40.5,12.6,0.0,1.7
2026-03-17,Central-1,Central,127.0025,37.4955,26.9,12.6,0.0,1.9
2026-03-18,Central-1,Central,127.0025,37.4955,34.4,11.6,0.0,2.6
2026-03-19,Central-1,Central,127.0025,37.4955,31.4,12.9,1.9,2.5
2026-03-20,Central-1,Central,127.0025,37.4955,27.1,14.1,0.5,1.9
2026-03-21,Central-1,Central,127.0025,37.4955,25.5,12.8,0.0,2.1
2026-03-22,Central-1,Central,127.0025,37.4955,32.1,13.2,0.0,1.7
2026-03-23,Central-1,Central,127.0025,37.4955,23.9,15.0,0.0,3.1
2026-03-24,Central-1,Central,127.0025,37.4955,32.7,13.0,0.0,1.5
2026-03-25,Central-1,Central,127.0025,37.4955,27.4,17.4,0.0,3.5
2026-03-26,Central-1,Central,127.0025,37.4955,42.3,15.1,1.2,2.5
2026-03-27,Central-1,Central,127.0025,37.4955,36.4,15.5,0.0,2.7
2026-03-28,Central-1,Central,127.0025,37.4955,28.7,18.1,0.0,2.0
2026-03-29,Central-1,Central,127.0025,37.4955,,16.1,0.0,2.0
2026-03-30,Central-1,Central,127.0025,37.4955,35.5,16.6,0.0,1.9
2026-03-01,Central-2,Central,127.052,37.5384,33.1,6.2,0.0,1.2
2026-03-02,Central-2,Central,127.052,37.5384,33.1,8.1,0.0,2.7
2026-03-03,Central-2,Central,127.052,37.5384,39.7,8.2,0.0,1.5
2026-03-04,Central-2,Central,127.052,37.5384,38.6,7.9,0.0,3.1
2026-03-05,Central-2,Central,127.052,37.5384,35.0,8.8,6.0,3.0
2026-03-06,Central-2,Central,127.052,37.5384,46.4,8.3,1.8,1.4
2026-03-07,Central-2,Central,127.052,37.5384,33.3,10.3,0.0,2.0
2026-03-08,Central-2,Central,127.052,37.5384,36.1,9.3,0.0,2.1
2026-03-09,Central-2,Central,127.052,37.5384,39.1,10.5,0.0,1.8
2026-03-10,Central-2,Central,127.052,37.5384,35.8,10.2,0.0,2.8
2026-03-11,Central-2,Central,127.052,37.5384,45.6,13.2,0.0,2.1
2026-03-12,Central-2,Central,127.052,37.5384,38.8,10.6,0.0,1.8
2026-03-13,Central-2,Central,127.052,37.5384,34.2,11.5,1.1,2.6
2026-03-14,Central-2,Central,127.052,37.5384,30.4,11.7,0.0,1.4
2026-03-15,Central-2,Central,127.052,37.5384,31.5,12.3,0.0,2.7
2026-03-16,Central-2,Central,127.052,37.5384,32.9,11.1,0.0,1.3
2026-03-17,Central-2,Central,127.052,37.5384,33.8,13.8,0.0,3.3
2026-03-18,Central-2,Central,127.052,37.5384,32.7,13.3,0.0,1.5
2026-03-19,Central-2,Central,127.052,37.5384,28.6,16.1,3.2,1.7
2026-03-20,Central-2,Central,127.052,37.5384,35.2,13.3,2.0,2.8
2026-03-21,Central-2,Central,127.052,37.5384,23.1,13.0,0.0,1.5
2026-03-22,Central-2,Central,127.052,37.5384,22.9,14.1,0.0,0.6
2026-03-23,Central-2,Central,127.052,37.5384,23.4,14.5,0.0,2.8
2026-03-24,Central-2,Central,127.052,37.5384,26.7,15.7,0.0,1.9
2026-03-25,Central-2,Central,127.052,37.5384,35.7,14.6,0.0,1.4
2026-03-26,Central-2,Central,127.052,37.5384,30.3,15.2,0.0,1.6
2026-03-27,Central-2,Central,127.052,37.5384,32.2,15.6,0.0,2.3
2026-03-28,Central-2,Central,127.052,37.5384,30.2,16.5,0.0,3.7
2026-03-29,Central-2,Central,127.052,37.5384,29.0,16.7,0.0,2.3
2026-03-30,Central-2,Central,127.052,37.5384,35.4,15.2,0.0,1.7
2026-03-01,East-1,East,127.1525,37.4955,28.8,7.3,0.0,1.4
2026-03-02,East-1,East,127.1525,37.4955,,10.2,0.0,3.3
2026-03-03,East-1,East,127.1525,37.4955,33.8,8.9,0.0,2.0
2026-03-04,East-1,East,127.1525,37.4955,34.6,9.3,0.0,3.0
2026-03-05,East-1,East,127.1525,37.4955,33.7,8.1,0.0,1.5
2026-03-06,East-1,East,127.1525,37.4955,42.2,9.6,0.8,2.1
2026-03-07,East-1,East,127.1525,37.4955,37.6,10.1,0.0,3.1
2026-03-08,East-1,East,127.1525,37.4955,32.9,11.1,0.0,2.1
2026-03-09,East-1,East,127.1525,37.4955,41.7,10.8,0.0,2.3
2026-03-10,East-1,East,127.1525,37.4955,36.0,11.1,0.0,1.8
2026-03-11,East-1,East,127.1525,37.4955,36.0,11.3,0.0,2.0
2026-03-12,East-1,East,127.1525,37.4955,37.7,10.8,0.0,2.1
2026-03-13,East-1,East,127.1525,37.4955,31.8,11.9,0.4,0.6
2026-03-14,East-1,East,127.1525,37.4955,28.7,10.6,0.0,1.7
2026-03-15,East-1,East,127.1525,37.4955,25.1,11.5,0.0,2.4
2026-03-16,East-1,East,127.1525,37.4955,33.9,14.9,0.0,2.8
2026-03-17,East-1,East,127.1525,37.4955,29.9,14.0,0.0,2.9
2026-03-18,East-1,East,127.1525,37.4955,26.3,12.9,0.0,2.3
2026-03-19,East-1,East,127.1525,37.4955,29.6,13.9,5.0,2.5
2026-03-20,East-1,East,127.1525,37.4955,24.9,15.7,0.9,2.3
2026-03-21,East-1,East,127.1525,37.4955,23.3,14.7,0.0,2.1
2026-03-22,East-1,East,127.1525,37.4955,23.6,13.3,0.0,1.6
2026-03-23,East-1,East,127.1525,37.4955,29.8,,0.0,2.2
2026-03-24,East-1,East,127.1525,37.4955,28.4,15.3,0.0,2.3
2026-03-25,East-1,East,127.1525,37.4955,30.0,14.9,0.0,1.5
2026-03-26,East-1,East,127.1525,37.4955,27.3,15.7,0.0,2.7
2026-03-27,East-1,East,127.1525,37.4955,30.3,16.1,0.0,1.0
2026-03-28,East-1,East,127.1525,37.4955,24.6,14.8,0.0,2.9
2026-03-29,East-1,East,127.1525,37.4955,26.2,16.8,0.0,2.1
2026-03-30,East-1,East,127.1525,37.4955,34.4,16.9,0.0,2.4
2026-03-01,East-2,East,127.202,37.5384,26.7,7.8,0.0,1.1
2026-03-02,East-2,East,127.202,37.5384,35.4,7.9,0.0,2.5
2026-03-03,East-2,East,127.202,37.5384,35.1,7.8,0.0,3.7
2026-03-04,East-2,East,127.202,37.5384,37.5,8.4,0.0,2.5
2026-03-05,East-2,East,127.202,37.5384,36.1,9.2,0.8,2.5
2026-03-06,East-2,East,127.202,37.5384,40.7,11.5,4.2,1.5
2026-03-07,East-2,East,127.202,37.5384,34.0,8.3,0.0,3.2
2026-03-08,East-2,East,127.202,37.5384,35.3,10.3,0.0,1.9
2026-03-09,East-2,East,127.202,37.5384,38.5,7.7,0.0,1.9
2026-03-10,East-2,East,127.202,37.5384,42.4,9.7,0.0,2.5
2026-03-11,East-2,East,127.202,37.5384,43.0,11.6,0.0,0.9
2026-03-12,East-2,East,127.202,37.5384,34.8,12.0,0.0,0.3
2026-03-13,East-2,East,127.202,37.5384,33.0,12.5,3.3,2.0
2026-03-14,East-2,East,127.202,37.5384,33.1,12.3,0.0,3.2
2026-03-15,East-2,East,127.202,37.5384,29.8,11.4,0.0,2.5
2026-03-16,East-2,East,127.202,37.5384,27.7,12.6,0.0,2.8
2026-03-17,East-2,East,127.202,37.5384,31.7,13.5,0.0,2.4
2026-03-18,East-2,East,127.202,37.5384,32.3,14.6,0.0,2.4
2026-03-19,East-2,East,127.202,37.5384,29.2,13.6,2.3,2.3
2026-03-20,East-2,East,127.202,37.5384,28.4,11.6,0.0,2.1
2026-03-21,East-2,East,127.202,37.5384,21.7,12.2,0.0,1.7
2026-03-22,East-2,East,127.202,37.5384,24.9,14.2,0.0,2.7
2026-03-23,East-2,East,127.202,37.5384,26.0,14.6,0.0,3.2
2026-03-24,East-2,East,127.202,37.5384,24.2,15.2,0.0,2.0
2026-03-25,East-2,East,127.202,37.5384,26.1,13.8,0.0,2.2
2026-03-26,East-2,East,127.202,37.5384,29.9,15.6,0.0,2.8
2026-03-27,East-2,East,127.202,37.5384,30.2,17.7,0.0,2.5
2026-03-28,East-2,East,127.202,37.5384,,16.1,0.0,2.1
2026-03-29,East-2,East,127.202,37.5384,29.3,16.4,0.0,2.9
2026-03-30,East-2,East,127.202,37.5384,31.2,15.9,0.0,2.2
2026-03-01,West-1,West,126.8525,37.6255,26.2,6.0,0.0,3.4
2026-03-02,West-1,West,126.8525,37.6255,25.9,8.1,0.0,2.7
2026-03-03,West-1,West,126.8525,37.6255,36.2,8.4,0.0,2.3
2026-03-04,West-1,West,126.8525,37.6255,33.8,7.2,0.0,3.9
2026-03-05,West-1,West,126.8525,37.6255,39.2,6.2,3.7,1.9
2026-03-06,West-1,West,126.8525,37.6255,36.1,7.7,0.5,1.9
2026-03-07,West-1,West,126.8525,37.6255,35.4,10.1,0.0,2.8
2026-03-08,West-1,West,126.8525,37.6255,34.6,12.1,0.0,1.9
2026-03-09,West-1,West,126.8525,37.6255,40.5,9.5,0.0,2.0
2026-03-10,West-1,West,126.8525,37.6255,36.9,12.1,0.0,1.8
2026-03-11,West-1,West,126.8525,37.6255,36.6,10.7,,1.8
2026-03-12,West-1,West,126.8525,37.6255,36.3,8.9,0.0,2.1
2026-03-13,West-1,West,126.8525,37.6255,31.6,11.6,2.4,2.4
2026-03-14,West-1,West,126.8525,37.6255,29.1,11.5,0.0,2.5
2026-03-15,West-1,West,126.8525,37.6255,31.9,12.3,0.0,2.1
2026-03-16,West-1,West,126.8525,37.6255,29.9,12.0,0.0,1.6
2026-03-17,West-1,West,126.8525,37.6255,28.3,13.0,0.0,0.8
2026-03-18,West-1,West,126.8525,37.6255,29.8,11.2,0.0,2.5
2026-03-19,West-1,West,126.8525,37.6255,24.0,11.1,1.0,2.2
2026-03-20,West-1,West,126.8525,37.6255,29.9,11.9,2.9,1.4
2026-03-21,West-1,West,126.8525,37.6255,23.6,15.1,0.0,2.5
2026-03-22,West-1,West,126.8525,37.6255,19.5,13.8,0.0,2.0
2026-03-23,West-1,West,126.8525,37.6255,27.5,12.4,0.0,3.0
2026-03-24,West-1,West,126.8525,37.6255,27.1,14.3,0.0,2.5
2026-03-25,West-1,West,126.8525,37.6255,33.0,16.2,0.0,2.3
2026-03-26,West-1,West,126.8525,37.6255,30.5,,0.0,2.6
2026-03-27,West-1,West,126.8525,37.6255,32.1,17.4,0.0,2.3
2026-03-28,West-1,West,126.8525,37.6255,24.0,16.4,0.0,1.9
2026-03-29,West-1,West,126.8525,37.6255,30.1,15.6,0.0,1.8
2026-03-30,West-1,West,126.8525,37.6255,31.3,17.3,0.0,0.5
2026-03-01,West-2,West,126.902,37.6684,18.4,7.5,0.0,1.4
2026-03-02,West-2,West,126.902,37.6684,28.9,7.7,0.0,2.5
2026-03-03,West-2,West,126.902,37.6684,32.5,8.1,0.0,2.4
2026-03-04,West-2,West,126.902,37.6684,28.3,7.8,0.0,2.5
2026-03-05,West-2,West,126.902,37.6684,33.2,8.2,0.0,2.4
2026-03-06,West-2,West,126.902,37.6684,36.9,8.7,0.0,3.6
2026-03-07,West-2,West,126.902,37.6684,27.9,8.8,0.0,3.3
2026-03-08,West-2,West,126.902,37.6684,26.4,10.0,0.0,2.0
2026-03-09,West-2,West,126.902,37.6684,28.6,10.7,0.0,1.8
2026-03-10,West-2,West,126.902,37.6684,39.2,9.8,0.0,1.5
2026-03-11,West-2,West,126.902,37.6684,35.2,10.1,0.0,1.4
2026-03-12,West-2,West,126.902,37.6684,33.3,10.6,0.0,2.1
2026-03-13,West-2,West,126.902,37.6684,35.7,11.5,1.7,1.8
2026-03-14,West-2,West,126.902,37.6684,28.4,11.0,0.0,3.1
2026-03-15,West-2,West,126.902,37.6684,28.3,10.4,0.0,1.3
2026-03-16,West-2,West,126.902,37.6684,25.6,11.8,0.0,1.7
2026-03-17,West-2,West,126.902,37.6684,26.1,11.0,0.0,2.6
2026-03-18,West-2,West,126.902,37.6684,24.8,11.1,0.0,3.0
2026-03-19,West-2,West,126.902,37.6684,21.9,12.4,3.3,2.2
2026-03-20,West-2,West,126.902,37.6684,,15.3,0.5,1.6
2026-03-21,West-2,West,126.902,37.6684,20.2,12.2,0.0,2.9
2026-03-22,West-2,West,126.902,37.6684,17.0,14.1,0.0,2.5
2026-03-23,West-2,West,126.902,37.6684,23.5,15.0,0.0,1.4
2026-03-24,West-2,West,126.902,37.6684,24.6,14.7,0.0,3.0
2026-03-25,West-2,West,126.902,37.6684,22.4,14.7,0.0,1.7
2026-03-26,West-2,West,126.902,37.6684,25.1,13.1,0.2,2.1
2026-03-27,West-2,West,126.902,37.6684,24.6,15.6,0.0,0.9
2026-03-28,West-2,West,126.902,37.6684,22.5,16.5,0.0,2.9
2026-03-29,West-2,West,126.902,37.6684,29.8,14.9,0.0,2.8
2026-03-30,West-2,West,126.902,37.6684,29.5,16.6,0.0,3.3
2026-03-01,Hill-1,Hill,127.0025,37.6255,19.6,7.7,0.0,1.4
2026-03-02,Hill-1,Hill,127.0025,37.6255,32.0,5.2,0.0,3.6
2026-03-03,Hill-1,Hill,127.0025,37.6255,29.4,8.4,0.0,1.7
2026-03-04,Hill-1,Hill,127.0025,37.6255,30.0,6.8,0.0,3.6
2026-03-05,Hill-1,Hill,127.0025,37.6255,33.1,7.8,,3.8
2026-03-06,Hill-1,Hill,127.0025,37.6255,31.5,7.5,3.5,3.2
2026-03-07,Hill-1,Hill,127.0025,37.6255,26.2,7.2,0.0,2.6
2026-03-08,Hill-1,Hill,127.0025,37.6255,26.2,9.2,0.0,2.2
2026-03-09,Hill-1,Hill,127.0025,37.6255,27.5,10.4,0.0,2.8
2026-03-10,Hill-1,Hill,127.0025,37.6255,24.9,10.1,0.0,3.3
2026-03-11,Hill-1,Hill,127.0025,37.6255,30.6,8.5,0.0,1.6
2026-03-12,Hill-1,Hill,127.0025,37.6255,28.7,11.0,0.0,2.0
2026-03-13,Hill-1,Hill,127.0025,37.6255,23.8,10.0,0.0,2.5
2026-03-14,Hill-1,Hill,127.0025,37.6255,23.2,12.2,0.0,0.9
2026-03-15,Hill-1,Hill,127.0025,37.6255,16.9,12.6,0.0,3.2
2026-03-16,Hill-1,Hill,127.0025,37.6255,23.4,12.7,0.0,3.7
2026-03-17,Hill-1,Hill,127.0025,37.6255,26.6,11.7,0.0,1.2
2026-03-18,Hill-1,Hill,127.0025,37.6255,24.4,13.0,0.0,0.9
2026-03-19,Hill-1,Hill,127.0025,37.6255,26.1,11.9,0.0,2.2
2026-03-20,Hill-1,Hill,127.0025,37.6255,22.0,13.3,1.3,2.5
2026-03-21,Hill-1,Hill,127.0025,37.6255,8.9,12.9,0.0,1.4
2026-03-22,Hill-1,Hill,127.0025,37.6255,11.5,13.3,0.0,1.5
2026-03-23,Hill-1,Hill,127.0025,37.6255,24.6,13.6,0.0,2.7
2026-03-24,Hill-1,Hill,127.0025,37.6255,20.8,18.2,0.0,2.7
2026-03-25,Hill-1,Hill,127.0025,37.6255,24.7,15.8,0.0,2.9
2026-03-26,Hill-1,Hill,127.0025,37.6255,21.1,14.2,0.1,2.9
2026-03-27,Hill-1,Hill,127.0025,37.6255,31.5,16.6,0.0,1.7
2026-03-28,Hill-1,Hill,127.0025,37.6255,23.0,14.9,0.0,2.3
2026-03-29,Hill-1,Hill,127.0025,37.6255,18.9,,0.0,2.5
2026-03-30,Hill-1,Hill,127.0025,37.6255,25.9,17.9,0.0,3.8
2026-03-01,Hill-2,Hill,127.052,37.6684,20.6,7.8,0.0,2.6
2026-03-02,Hill-2,Hill,127.052,37.6684,29.3,6.5,0.0,1.5
2026-03-03,Hill-2,Hill,127.052,37.6684,28.2,8.8,0.0,2.3
2026-03-04,Hill-2,Hill,127.052,37.6684,28.1,8.9,0.0,2.5
2026-03-05,Hill-2,Hill,127.052,37.6684,29.1,8.0,0.0,1.3
2026-03-06,Hill-2,Hill,127.052,37.6684,36.7,9.4,0.0,1.8
2026-03-07,Hill-2,Hill,127.052,37.6684,32.1,9.7,0.0,2.3
2026-03-08,Hill-2,Hill,127.052,37.6684,28.8,10.9,0.0,2.7
2026-03-09,Hill-2,Hill,127.052,37.6684,,7.0,0.0,2.1
2026-03-10,Hill-2,Hill,127.052,37.6684,28.8,11.4,0.0,2.7
2026-03-11,Hill-2,Hill,127.052,37.6684,32.8,8.2,0.0,2.7
2026-03-12,Hill-2,Hill,127.052,37.6684,27.9,8.3,0.0,2.4
2026-03-13,Hill-2,Hill,127.052,37.6684,25.9,11.0,0.0,1.8
2026-03-14,Hill-2,Hill,127.052,37.6684,26.7,11.9,0.0,2.7
2026-03-15,Hill-2,Hill,127.052,37.6684,20.0,12.3,0.0,3.4
2026-03-16,Hill-2,Hill,127.052,37.6684,27.3,11.4,0.0,2.0
2026-03-17,Hill-2,Hill,127.052,37.6684,26.1,13.4,0.0,2.5
2026-03-18,Hill-2,Hill,127.052,37.6684,27.5,12.8,0.0,3.1
2026-03-19,Hill-2,Hill,127.052,37.6684,27.9,14.3,0.2,1.5
2026-03-20,Hill-2,Hill,127.052,37.6684,26.9,9.6,0.0,2.7
2026-03-21,Hill-2,Hill,127.052,37.6684,13.7,14.2,0.0,3.2
2026-03-22,Hill-2,Hill,127.052,37.6684,17.7,12.6,0.0,2.5
2026-03-23,Hill-2,Hill,127.052,37.6684,28.2,13.0,0.0,1.9
2026-03-24,Hill-2,Hill,127.052,37.6684,24.2,14.4,0.0,2.8
2026-03-25,Hill-2,Hill,127.052,37.6684,28.0,14.9,0.0,1.0
2026-03-26,Hill-2,Hill,127.052,37.6684,23.4,13.7,0.9,2.9
2026-03-27,Hill-2,Hill,127.052,37.6684,21.6,14.6,0.0,2.2
2026-03-28,Hill-2,Hill,127.052,37.6684,17.8,15.6,0.0,2.9
2026-03-29,Hill-2,Hill,127.052,37.6684,19.8,15.7,0.0,1.5
2026-03-30,Hill-2,Hill,127.052,37.6684,31.2,15.1,0.0,2.1
2026-03-01,Lake-1,Lake,127.1525,37.6255,27.5,6.1,0.0,1.7
2026-03-02,Lake-1,Lake,127.1525,37.6255,38.1,7.9,0.0,2.7
2026-03-03,Lake-1,Lake,127.1525,37.6255,36.3,7.1,0.0,2.0
2026-03-04,Lake-1,Lake,127.1525,37.6255,33.3,7.6,0.0,3.5
2026-03-05,Lake-1,Lake,127.1525,37.6255,38.0,6.7,1.0,1.9
2026-03-06,Lake-1,Lake,127.1525,37.6255,36.5,10.2,1.5,2.4
2026-03-07,Lake-1,Lake,127.1525,37.6255,36.4,9.2,0.0,3.0
2026-03-08,Lake-1,Lake,127.1525,37.6255,32.0,7.8,0.0,2.8
2026-03-09,Lake-1,Lake,127.1525,37.6255,47.3,10.9,0.0,2.2
2026-03-10,Lake-1,Lake,127.1525,37.6255,37.7,10.6,0.0,2.4
2026-03-11,Lake-1,Lake,127.1525,37.6255,41.9,9.9,0.0,1.8
2026-03-12,Lake-1,Lake,127.1525,37.6255,,10.9,0.0,1.0
2026-03-13,Lake-1,Lake,127.1525,37.6255,41.0,9.4,0.0,1.9
2026-03-14,Lake-1,Lake,127.1525,37.6255,35.8,9.4,0.0,2.1
2026-03-15,Lake-1,Lake,127.1525,37.6255,34.9,13.0,0.0,1.5
2026-03-16,Lake-1,Lake,127.1525,37.6255,34.5,12.7,0.0,1.7
2026-03-17,Lake-1,Lake,127.1525,37.6255,35.5,13.4,0.0,4.1
2026-03-18,Lake-1,Lake,127.1525,37.6255,28.9,12.2,0.0,1.6
2026-03-19,Lake-1,Lake,127.1525,37.6255,32.7,14.4,0.0,1.5
2026-03-20,Lake-1,Lake,127.1525,37.6255,30.5,13.4,0.0,2.5
2026-03-21,Lake-1,Lake,127.1525,37.6255,23.9,12.4,0.0,2.9
2026-03-22,Lake-1,Lake,127.1525,37.6255,26.5,16.4,0.0,2.8
2026-03-23,Lake-1,Lake,127.1525,37.6255,34.3,14.3,,2.8
2026-03-24,Lake-1,Lake,127.1525,37.6255,27.2,15.4,0.0,2.3
2026-03-25,Lake-1,Lake,127.1525,37.6255,32.2,14.2,0.0,2.1
2026-03-26,Lake-1,Lake,127.1525,37.6255,34.3,13.3,0.5,2.6
2026-03-27,Lake-1,Lake,127.1525,37.6255,37.8,15.2,0.0,2.4
2026-03-28,Lake-1,Lake,127.1525,37.6255,30.4,16.4,0.0,2.6
2026-03-29,Lake-1,Lake,127.1525,37.6255,31.1,15.2,0.0,1.7
2026-03-30,Lake-1,Lake,127.1525,37.6255,35.1,18.0,0.0,0.3
2026-03-01,Lake-2,Lake,127.202,37.6684,22.9,7.1,0.0,1.8
2026-03-02,Lake-2,Lake,127.202,37.6684,25.8,7.2,0.0,2.5
2026-03-03,Lake-2,Lake,127.202,37.6684,30.3,8.7,0.0,2.1
2026-03-04,Lake-2,Lake,127.202,37.6684,31.5,6.9,0.0,2.3
2026-03-05,Lake-2,Lake,127.202,37.6684,40.4,7.8,3.2,2.4
2026-03-06,Lake-2,Lake,127.202,37.6684,34.2,,2.2,0.7
2026-03-07,Lake-2,Lake,127.202,37.6684,34.6,7.8,0.0,1.8
2026-03-08,Lake-2,Lake,127.202,37.6684,33.8,10.2,0.0,1.5
2026-03-09,Lake-2,Lake,127.202,37.6684,37.8,10.4,0.0,1.3
2026-03-10,Lake-2,Lake,127.202,37.6684,37.4,8.9,0.0,2.6
2026-03-11,Lake-2,Lake,127.202,37.6684,38.8,10.8,0.0,2.8
2026-03-12,Lake-2,Lake,127.202,37.6684,33.9,11.8,0.0,2.4
2026-03-13,Lake-2,Lake,127.202,37.6684,34.6,10.2,2.0,2.1
2026-03-14,Lake-2,Lake,127.202,37.6684,34.2,11.0,0.0,1.7
2026-03-15,Lake-2,Lake,127.202,37.6684,23.4,13.4,0.0,2.5
2026-03-16,Lake-2,Lake,127.202,37.6684,25.0,11.7,0.0,3.0
2026-03-17,Lake-2,Lake,127.202,37.6684,34.6,11.0,0.0,3.7
2026-03-18,Lake-2,Lake,127.202,37.6684,,12.1,0.0,1.5
2026-03-19,Lake-2,Lake,127.202,37.6684,29.7,12.0,0.0,1.5
2026-03-20,Lake-2,Lake,127.202,37.6684,33.6,11.6,0.0,1.8
2026-03-21,Lake-2,Lake,127.202,37.6684,23.0,14.6,0.0,2.9
2026-03-22,Lake-2,Lake,127.202,37.6684,23.7,12.5,0.0,1.6
2026-03-23,Lake-2,Lake,127.202,37.6684,29.0,14.0,0.0,0.6
2026-03-24,Lake-2,Lake,127.202,37.6684,29.5,14.5,0.0,1.8
2026-03-25,Lake-2,Lake,127.202,37.6684,30.8,14.6,0.0,3.1
2026-03-26,Lake-2,Lake,127.202,37.6684,29.7,16.4,4.8,3.3
2026-03-27,Lake-2,Lake,127.202,37.6684,31.7,16.8,0.0,1.5
2026-03-28,Lake-2,Lake,127.202,37.6684,27.3,16.5,0.0,1.5
2026-03-29,Lake-2,Lake,127.202,37.6684,30.4,16.4,0.0,1.2
2026-03-30,Lake-2,Lake,127.202,37.6684,30.0,17.8,0.0,1.6
2026-03-26,River-1,River,126.8525,37.4955,23.0,14.2,0.0,2.2
