district_name,shape_id,longitude,latitude,grid_longitude,grid_latitude,temperature_mean_c
Sokcho-si,91817680B43621567480447,128.519043,38.164778,128.75,38.0,11.85
Goseong-gun,91817680B50485812736392,128.398136,38.370289,128.125,38.5,8.28
Yangyang-gun,91817680B9940099959324,128.597932,37.994666,128.75,38.0,11.85
Gangneung-si,91817680B99242230797556,128.833187,37.700462,128.75,37.5,8.8
Donghae-si,91817680B21216327036282,129.056555,37.498287,128.75,37.5,8.8
Samcheok-si,91817680B11339106619066,129.124642,37.26966,129.375,37.5,13.11
Taebaek-si,91817680B55715776787208,128.977529,37.161236,128.75,37.0,8.75
Uljin-gun,91817680B88731995383072,129.311662,36.8983,129.375,37.0,12.89
Yeongdeok-gun,91817680B91067436457746,129.313551,36.47766,129.375,36.5,13.13
Pohang-si,91817680B48442195707238,129.304717,36.087554,129.375,36.0,13.51
Gyeongju-si,91817680B5353031397212,129.233642,35.822396,129.375,36.0,13.51
Buk-gu,91817680B63178832268751,129.378481,35.607027,129.375,35.5,14.36
Ulju-gun,91817680B44823551048989,129.186016,35.542411,129.375,35.5,14.36
Gijang-gun,91817680B54012703126739,129.200322,35.291469,129.375,35.5,14.36
Yangsan-si,91817680B11624916188823,129.042905,35.396576,128.75,35.5,11.95
Inje-gun,91817680B61474779558203,128.263438,38.060304,128.125,38.0,8.14
Pyeongchang-gun,91817680B93219729656421,128.482207,37.545552,128.75,37.5,8.8
Jeongseon-gun,91817680B94972366910411,128.739121,37.368056,128.75,37.5,8.8
Yanggu-gun,91817680B23922363914919,127.992682,38.184044,128.125,38.0,8.14
Hwacheon-gun,91817680B86395324328742,127.691958,38.15232,127.5,38.0,9.09
Chuncheon-si,91817680B67839742247787,127.741657,37.88202,127.5,38.0,9.09
Cheorwon-gun,91817680B73346878676901,127.353569,38.223088,127.5,38.0,9.09
Yeoncheon-gun,91817680B98224083425041,126.998683,38.102095,126.875,38.0,10.09
Dongducheon-si,91817680B11345954741605,127.078478,37.906833,126.875,38.0,10.09
Pocheon-si,91817680B75483661313195,127.253673,37.959352,127.5,38.0,9.09
Hongcheon-gun,91817680B15226656503507,128.076521,37.735963,128.125,37.5,8.85
Gapyeong-gun,91817680B96761005572442,127.453032,37.809983,127.5,38.0,9.09
Hoengseong-gun,91817680B58418421780923,128.079834,37.499903,128.125,37.5,8.85
Yangpyeong-gun,91817680B89058224266184,127.583289,37.508014,127.5,37.5,10.14
Gwangju-si,91817680B33140835215225,127.306022,37.395313,127.5,37.5,10.14
Yeoju,91817680B81929081090334,127.619122,37.292444,127.5,37.5,10.14
Wonju-si,91817680B41990583973423,127.933884,37.299879,128.125,37.5,8.85
Yeongwol-gun,91817680B79863718076959,128.501054,37.194734,128.75,37.0,8.75
Icheon-si,91817680B6202152929023,127.486274,37.201307,127.5,37.0,10.92
Eumseong-gun,91817680B44245642839981,127.615466,36.96619,127.5,37.0,10.92
Chungju-si,91817680B87543439372548,127.897722,37.00908,128.125,37.0,9.7
Jecheon-si,91817680B41858032192319,128.144878,37.051143,128.125,37.0,9.7
Danyang-gun,91817680B46750425552975,128.388528,36.985588,128.125,37.0,9.7
Yeongju-si,91817680B73468767289539,128.597603,36.864001,128.75,37.0,8.75
Bonghwa-gun,91817680B47987210748527,128.913068,36.925514,128.75,37.0,8.75
Yeongyang-gun,91817680B35472999009946,129.144011,36.69096,129.375,36.5,13.13
Goesan-gun,91817680B74553451927555,127.831399,36.763047,128.125,37.0,9.7
Jeungpyeong-gun,91817680B75298348451478,127.60713,36.777478,127.5,37.0,10.92
Mungyeong-si,91817680B43065782555772,128.150248,36.68437,128.125,36.5,10.97
Yecheon-gun,91817680B75354784424725,128.423202,36.646996,128.125,36.5,10.97
Andong-si,91817680B16014600177045,128.778485,36.571948,128.75,36.5,10.76
Cheongsong-gun,91817680B32757414449699,129.055059,36.350551,128.75,36.5,10.76
Yeongcheon-si,91817680B48235767363306,128.94145,36.009945,128.75,36.0,11.22
Gunwi-gun,91817680B30315657457409,128.64718,36.163441,128.75,36.0,11.22
Uiseong-gun,91817680B75376031789242,128.61595,36.35234,128.75,36.5,10.76
Sangju-si,91817680B21539665501577,128.068061,36.423715,128.125,36.5,10.97
Gumi-si,91817680B86853073591153,128.356024,36.200956,128.125,36.0,10.9
Boeun-gun,91817680B36624004409046,127.733013,36.481891,127.5,36.5,11.14
Cheongju-si,91817680B7472001038353,127.503049,36.619888,127.5,36.5,11.14
Dong-gu,91817680B53543824194985,127.477918,36.316682,127.5,36.5,11.14
Jung-gu,91817680B30301323398004,127.415756,36.275699,127.5,36.5,11.14
Seo-gu,91817680B57044302860475,127.351466,36.277956,127.5,36.5,11.14
Daedeok-gu,91817680B29564477042831,127.444415,36.407048,127.5,36.5,11.14
Yuseong-gu,91817680B90442190394967,127.334112,36.369239,127.5,36.5,11.14
Sejong-si,91817680B40148089014896,127.26208,36.553158,127.5,36.5,11.14
Cheonan-si,91817680B50780672353800,127.206483,36.797171,127.5,37.0,10.92
Jincheon-gun,91817680B40614027699537,127.442556,36.862885,127.5,37.0,10.92
Anseong-si,91817680B64740203795166,127.309315,37.027046,127.5,37.0,10.92
Yongin-si,91817680B86612267469181,127.22877,37.211782,127.5,37.0,10.92
Osan-si,91817680B96375859106804,127.051787,37.15759,126.875,37.0,11.86
Pyeongtaek-si,91817680B85680883794904,127.002992,37.008212,126.875,37.0,11.86
Okcheon-gun,91817680B1659695850463,127.660518,36.314662,127.5,36.5,11.14
Gyeongsan-si,91817680B37299464646583,128.809933,35.827069,128.75,36.0,11.22
Cheongdo-gun,91817680B59018342058044,128.785536,35.666931,128.75,35.5,11.95
Miryang-si,91817680B88513858108060,128.789884,35.493598,128.75,35.5,11.95
Gimhae-si,91817680B1708787718818,128.846759,35.267673,128.75,35.5,11.95
Chilgok-gun,91817680B44952414610796,128.463312,36.009964,128.75,36.0,11.22
Dalseong-gun,91817680B33489673734556,128.511668,35.726632,128.75,35.5,11.95
Dong-gu,91817680B96924831002014,128.686704,35.928805,128.75,36.0,11.22
Goryeong-gun,91817680B88985387415210,128.308379,35.72876,128.125,35.5,11.66
Seongju-gun,91817680B40534015790157,128.23723,35.900241,128.125,36.0,10.9
Gimcheon-si,91817680B51485783996699,128.079557,36.052669,128.125,36.0,10.9
Yeongdong-gun,91817680B4431337162748,127.816684,36.153289,128.125,36.0,10.9
Geumsan-gun,91817680B68842805087026,127.483391,36.113061,127.5,36.0,10.71
Gyeryong-si,91817680B70392770223342,127.240178,36.284616,127.5,36.5,11.14
Gongju-si,91817680B8449507929864,127.077082,36.475114,126.875,36.5,11.78
Asan-si,91817680B56248521536513,126.984823,36.799061,126.875,37.0,11.86
Yesan-gun,91817680B1629367715088,126.78703,36.662787,126.875,36.5,11.78
Cheongyang-gun,91817680B7861346133014,126.857987,36.423007,126.875,36.5,11.78
Nonsan-si,91817680B11377751855609,127.164325,36.184494,126.875,36.0,12.54
Buyeo-gun,91817680B35509676151777,126.86061,36.240547,126.875,36.0,12.54
Changnyeong-gun,91817680B39611758954351,128.495096,35.504749,128.75,35.5,11.95
Hapcheon-gun,91817680B92973690121395,128.14394,35.570561,128.125,35.5,11.66
Uiryeong-gun,91817680B90592918780723,128.279883,35.386621,128.125,35.5,11.66
Haman-gun,91817680B30389585516178,128.431648,35.286641,128.125,35.5,11.66
Geochang-gun,91817680B91736183236009,127.906424,35.725577,128.125,35.5,11.66
Muju-gun,91817680B53198155341948,127.71742,35.933924,127.5,36.0,10.71
Hamyang-gun,91817680B59476098361869,127.725403,35.545292,127.5,35.5,10.68
Sancheong-gun,91817680B92610564128426,127.884996,35.364213,128.125,35.5,11.66
Jinju-si,91817680B32789615967236,128.130804,35.200488,128.125,35.0,13.46
Jangsu-gun,91817680B93090957259339,127.550664,35.653459,127.5,35.5,10.68
Jinan-gun,91817680B51132506733028,127.434352,35.822286,127.5,36.0,10.71
Jeonju-si,91817680B88957070935676,127.120401,35.821931,126.875,36.0,12.54
Wanju-gun,91817680B60221740281290,127.227674,35.91677,127.5,36.0,10.71
Iksan-si,91817680B56582975498752,126.990692,36.016478,126.875,36.0,12.54
Imsil-gun,91817680B86480113122364,127.241744,35.592437,127.5,35.5,10.68
Jeongeup-si,91817680B14892127844453,126.910672,35.598243,126.875,35.5,11.96
Namwon-si,91817680B21680824294868,127.445303,35.417844,127.5,35.5,10.68
Sunchang-gun,91817680B23901291202395,127.094305,35.428541,126.875,35.5,11.96
Damyang-gun,91817680B48783047676904,126.999132,35.287658,126.875,35.5,11.96
Gokseong-gun,91817680B55822624410007,127.268312,35.213125,127.5,35.0,12.06
Gurye-gun,91817680B46219646335198,127.506273,35.231965,127.5,35.0,12.06
Hwasun-gun,91817680B60872934813823,127.038199,35.006128,126.875,35.0,12.38
Naju-si,91817680B40505476377979,126.725578,34.982432,126.875,35.0,12.38
Buk-gu,91817680B75710427976091,126.93186,35.18834,126.875,35.0,12.38
Gimje-si,91817680B35753357340942,126.910858,35.797876,126.875,36.0,12.54
Buan-gun,91817680B44911241756091,126.658702,35.674701,126.875,35.5,11.96
Gochang-gun,91817680B73468302874709,126.62129,35.443965,126.875,35.5,11.96
Jangseong-gun,91817680B915295689263,126.77339,35.326345,126.875,35.5,11.96
Hampyeong-gun,91817680B7912985797785,126.542366,35.108518,126.25,35.0,13.77
Jangheung-gun,91817680B67324121140218,126.924366,34.678627,126.875,34.5,13.82
Gangjin-gun,91817680B37660936440541,126.778225,34.619836,126.875,34.5,13.82
Haenam-gun,91817680B93885607227135,126.519858,34.552825,126.25,34.5,14.21
Yeongam-gun,91817680B36456413113015,126.631559,34.794703,126.875,35.0,12.38
Boseong-gun,91817680B27152027053647,127.155733,34.813619,126.875,35.0,12.38
Suncheon-si,91817680B16002130574290,127.392875,34.990084,127.5,35.0,12.06
Seocheon-gun,91817680B6691327376510,126.708145,36.097933,126.875,36.0,12.54
Hongseong-gun,91817680B43357769940671,126.630525,36.560888,126.875,36.5,11.78
Seosan-si,91817680B60871253292980,126.471212,36.782782,126.25,37.0,12.43
Ganghwa-gun,91817680B24929628173287,126.453558,37.690482,126.25,37.5,12.07
Gimpo-si,91817680B93241302453804,126.625291,37.669545,126.875,37.5,11.27
Paju-si,91817680B14253606839965,126.823387,37.835902,126.875,38.0,10.09
Goyang-si,91817680B27371207272645,126.83748,37.656787,126.875,37.5,11.27
Yangju-si,91817680B42166609445104,127.005722,37.798341,126.875,38.0,10.09
Uijeongbu-si,91817680B6871011244235,127.068138,37.726914,126.875,37.5,11.27
Namyangju-si,91817680B38772026787440,127.24749,37.653053,127.5,37.5,10.14
Seongnam-si,91817680B94836834309250,127.120567,37.397381,126.875,37.5,11.27
Suwon-si,91817680B43312282385471,127.014754,37.27174,126.875,37.5,11.27
Nam-gu [South District],91817680B68494559899558,126.864628,35.091214,126.875,35.0,12.38
Dong-gu [East District],91817680B89733153975870,126.95384,35.112617,126.875,35.0,12.38
Gwangsan-gu,91817680B16538338684661,126.756549,35.157283,126.875,35.0,12.38
Seo-gu [West District],91817680B87996420220515,126.856649,35.132368,126.875,35.0,12.38
Dong-gu [East District],91817680B33034423068968,129.426226,35.522517,129.375,35.5,14.36
Nam-gu [South District],91817680B65451529480853,129.330297,35.511637,129.375,35.5,14.36
Jung-gu [Central District],91817680B57927404517776,129.305943,35.564023,129.375,35.5,14.36
Haeundae-gu,91817680B8006777837161,129.154295,35.189209,129.375,35.0,16.21
Geumjeong-gu,91817680B87761816793360,129.092298,35.254453,129.375,35.5,14.36
Buk-gu [North Distrikt],91817680B37722151409475,129.023008,35.225178,128.75,35.0,14.06
Changwon-si,91817680B26152541530210,128.597596,35.203193,128.75,35.0,14.06
Goseong-gun,91817680B97433571779884,128.293268,35.014105,128.125,35.0,13.46
Sacheon-si,91817680B75900877128055,128.039858,35.047064,128.125,35.0,13.46
Hadong-gun,91817680B17319558643664,127.780474,35.138166,127.5,35.0,12.06
Gwangyang-si,91817680B99071511370380,127.653284,35.026171,127.5,35.0,12.06
Namhae-gun,91817680B30407776748413,127.928482,34.809347,128.125,35.0,13.46
Tongyeong-si,91817680B95262291256995,128.397051,34.872766,128.125,35.0,13.46
Geoje-si,91817680B58127051569150,128.626416,34.8697,128.75,35.0,14.06
Saha-gu,91817680B15590775835688,128.973398,35.087352,128.75,35.0,14.06
Yeongdo-gu,91817680B63526671374694,129.064782,35.078753,129.375,35.0,16.21
Dongnae-gu,91817680B12008242239928,129.073649,35.198419,129.375,35.0,16.21
Suyeong-gu,91817680B55707549130569,129.111058,35.156873,129.375,35.0,16.21
Yeonje-gu,91817680B90297389150949,129.071474,35.175342,129.375,35.0,16.21
Nam-gu [South District],91817680B11476058556898,129.094824,35.122971,129.375,35.0,16.21
Jung-gu [Central District],91817680B85909931268472,129.034253,35.110173,128.75,35.0,14.06
Seo-gu [West District],91817680B65504384218086,129.016847,35.105598,128.75,35.0,14.06
Busanjin-gu,91817680B32751924176777,129.042895,35.155537,128.75,35.0,14.06
Dong-gu [East District],91817680B24548286345957,129.048396,35.128731,128.75,35.0,14.06
Gangseo-gu,91817680B91211823266814,128.890455,35.133987,128.75,35.0,14.06
Goheung-gun,91817680B78599330358722,127.320958,34.624096,127.5,34.5,15.06
Wando-gun,91817680B85222249357664,126.698498,34.345667,126.875,34.5,13.82
Muan-gun,91817680B20286966250971,126.430053,34.950916,126.25,35.0,13.77
Mokpo-si,91817680B26607970527366,126.410344,34.811513,126.25,35.0,13.77
Seogwipo-si,91817680B85110926045998,126.581395,33.322778,126.875,33.5,16.34
Jeju-si,91817680B29624883381183,126.531806,33.437284,126.25,33.5,16.21
Suseong-gu,91817680B49679347075852,128.663031,35.827531,128.75,36.0,11.22
Buk-gu [North Distrikt],91817680B84202113891253,128.574292,35.923112,128.75,36.0,11.22
Seo-gu [West District],91817680B37138617445780,128.548019,35.86784,128.75,36.0,11.22
Jung-gu [Central District],91817680B11201690622195,128.595617,35.859812,128.75,36.0,11.22
Nam-gu [South District],91817680B72214553011774,128.586353,35.828288,128.75,36.0,11.22
Dalseo-gu,91817680B1574399427608,128.528239,35.82053,128.75,36.0,11.22
Hwaseong-si,91817680B58085958229296,126.881969,37.155461,126.875,37.0,11.86
Dangjin-si,91817680B720891985776,126.658378,36.894147,126.875,37.0,11.86
Jung-gu [Central District],91817680B6497324316239,126.469436,37.475854,126.25,37.5,12.07
Ongjin-gun,91817680B43125449030549,124.674951,37.954231,124.375,38.0,12.25
Boryeong-si,91817680B78801700081843,126.608487,36.335288,126.875,36.5,11.78
Taean-gun,91817680B59614790278386,126.25561,36.771577,126.25,37.0,12.43
Yeonsu-gu,91817680B14745943099772,126.656346,37.378609,126.875,37.5,11.27
Namdong-gu,91817680B54049766777888,126.729776,37.422507,126.875,37.5,11.27
Siheung-si,91817680B37911583032119,126.791901,37.379964,126.875,37.5,11.27
Ansan-si,91817680B39459501575733,126.840766,37.309439,126.875,37.5,11.27
Uiwang-si,91817680B44728384221537,126.993389,37.352713,126.875,37.5,11.27
Gunpo-si,91817680B51138241033746,126.926314,37.333785,126.875,37.5,11.27
Gwacheon-si,91817680B14096955932506,127.006864,37.420801,126.875,37.5,11.27
Gwangmyeong-si,91817680B3942656644244,126.871366,37.434027,126.875,37.5,11.27
Michuhol-gu [Nam-gu],91817680B16033238555875,126.66368,37.442539,126.875,37.5,11.27
Dong-gu [East District],91817680B43546326994356,126.641685,37.475422,126.875,37.5,11.27
Seo-gu [West District],91817680B73279111808647,126.65621,37.551186,126.875,37.5,11.27
Gyeyang-gu,91817680B94833670639499,126.738266,37.550513,126.875,37.5,11.27
Bupyeong-gu,91817680B45509654992593,126.72668,37.48727,126.875,37.5,11.27
Bucheon-si,91817680B41928523553758,126.793881,37.493288,126.875,37.5,11.27
Gangseo-gu,91817680B75936691302089,126.826131,37.552112,126.875,37.5,11.27
Hanam-si,91817680B2886775060222,127.21127,37.512545,127.5,37.5,10.14
Guri-si,91817680B5684950588758,127.13387,37.588185,126.875,37.5,11.27
Gangdong-gu,91817680B8309013283439,127.149982,37.542176,126.875,37.5,11.27
Songpa-gu,91817680B10131618900015,127.119411,37.494908,126.875,37.5,11.27
Seocho-gu,91817680B5725333816693,127.035779,37.459759,126.875,37.5,11.27
Gangnam-gu,91817680B53321453404308,127.066756,37.485392,126.875,37.5,11.27
Nowon-gu,91817680B6950995223857,127.081419,37.641105,126.875,37.5,11.27
Dobong-gu,91817680B55050579859044,127.036987,37.658995,126.875,37.5,11.27
Gangbuk-gu,91817680B92844029998138,127.014909,37.635619,126.875,37.5,11.27
Jungnang-gu,91817680B66829558888986,127.093555,37.589216,126.875,37.5,11.27
Eunpyeong-gu,91817680B53616587081026,126.933297,37.611242,126.875,37.5,11.27
Jongno-gu,91817680B55576639555152,126.98092,37.584957,126.875,37.5,11.27
Seongbuk-gu,91817680B19736947579274,127.018816,37.595407,126.875,37.5,11.27
Dongdaemun-gu,91817680B25965069984368,127.056083,37.570263,126.875,37.5,11.27
Gwangjin-gu,91817680B49246193334347,127.08825,37.537082,126.875,37.5,11.27
Seongdong-gu,91817680B63185877293812,127.0434,37.541152,126.875,37.5,11.27
Jung-gu [Central District],91817680B29418542168397,127.000569,37.547905,126.875,37.5,11.27
Yongsan-gu,91817680B50347392057391,126.988487,37.521585,126.875,37.5,11.27
Dongjak-gu,91817680B72690271662871,126.962994,37.490131,126.875,37.5,11.27
Seodaemun-gu,91817680B65126245655882,126.945967,37.56887,126.875,37.5,11.27
Mapo-gu,91817680B14643286354390,126.916863,37.549755,126.875,37.5,11.27
Yeongdeungpo-gu,91817680B5490200958143,126.915848,37.512261,126.875,37.5,11.27
Gwanak-gu,91817680B99536699865294,126.948897,37.456503,126.875,37.5,11.27
Guro-gu,91817680B1968034056748,126.859326,37.48542,126.875,37.5,11.27
Yangcheon-gu,91817680B8017156108400,126.863547,37.516897,126.875,37.5,11.27
Geumcheon-gu,91817680B69479464976516,126.903714,37.455164,126.875,37.5,11.27
Gunsan-si,91817680B51344731064077,126.749178,35.954321,126.875,36.0,12.54
Sasang-gu,91817680B50207003035,128.985934,35.153401,128.75,35.0,14.06
Yeosu-si,91817680B8944082307158,127.64491,34.77787,127.5,35.0,12.06
Anyang-si,91817680B30491742711894,126.932891,37.390713,126.875,37.5,11.27
Jindo-gun,91817680B56099735913612,126.248952,34.449795,126.25,34.5,14.21
Sinan-gun,91817680B46467557111645,126.131734,34.724206,126.25,34.5,14.21
Ulleung-gun,91817680B98862203953263,130.856146,37.4956,130.625,37.5,14.71
