date,location,longitude,latitude,temperature_mean_c,temperature_max_c,temperature_min_c,precipitation_mm,humidity_percent,wind_speed_ms,solar_energy_kwh_m2
2024-01-01,Ulsan (NASA POWER grid point),129.3114,35.5384,7.31,9.07,6.09,0.16,73.12,3.92,86.77
2024-01-02,Ulsan (NASA POWER grid point),129.3114,35.5384,7.21,10.2,5.41,0.03,76.7,3.6,99.21
2024-01-03,Ulsan (NASA POWER grid point),129.3114,35.5384,5.3,7.85,3.47,0.51,82.78,5.33,76.8
2024-01-04,Ulsan (NASA POWER grid point),129.3114,35.5384,4.51,8.35,1.46,0.0,73.71,4.2,125.17
2024-01-05,Ulsan (NASA POWER grid point),129.3114,35.5384,7.13,10.99,3.92,0.0,79.56,4.81,116.74
2024-01-06,Ulsan (NASA POWER grid point),129.3114,35.5384,5.39,8.21,2.98,0.0,70.36,5.21,125.05
2024-01-07,Ulsan (NASA POWER grid point),129.3114,35.5384,1.85,3.55,-1.12,0.0,72.58,7.32,122.1
2024-01-08,Ulsan (NASA POWER grid point),129.3114,35.5384,0.41,3.65,-2.64,0.0,64.27,3.9,130.35
2024-01-09,Ulsan (NASA POWER grid point),129.3114,35.5384,3.81,6.9,0.72,2.14,72.86,3.15,61.38
2024-01-10,Ulsan (NASA POWER grid point),129.3114,35.5384,5.93,7.76,4.13,5.57,84.87,5.87,60.69
2024-01-11,Ulsan (NASA POWER grid point),129.3114,35.5384,5.04,8.11,2.76,0.0,76.13,4.53,129.02
2024-01-12,Ulsan (NASA POWER grid point),129.3114,35.5384,5.5,9.47,3.3,0.0,74.46,5.05,122.94
2024-01-13,Ulsan (NASA POWER grid point),129.3114,35.5384,4.09,6.83,1.72,0.0,63.95,5.4,127.88
2024-01-14,Ulsan (NASA POWER grid point),129.3114,35.5384,7.91,12.26,4.61,1.97,78.18,5.5,119.52
2024-01-15,Ulsan (NASA POWER grid point),129.3114,35.5384,4.08,7.22,1.46,0.02,74.65,6.27,131.86
2024-01-16,Ulsan (NASA POWER grid point),129.3114,35.5384,4.67,7.61,1.27,0.0,67.79,3.45,124.15
2024-01-17,Ulsan (NASA POWER grid point),129.3114,35.5384,8.22,10.46,5.46,1.2,79.2,3.1,44.37
2024-01-18,Ulsan (NASA POWER grid point),129.3114,35.5384,10.57,11.75,8.92,9.18,89.22,5.7,13.62
2024-01-19,Ulsan (NASA POWER grid point),129.3114,35.5384,8.23,8.66,7.47,0.52,78.35,7.98,30.39
2024-01-20,Ulsan (NASA POWER grid point),129.3114,35.5384,8.46,9.41,7.45,22.67,86.13,8.85,23.17
2024-01-21,Ulsan (NASA POWER grid point),129.3114,35.5384,7.76,8.8,6.23,2.66,83.06,6.59,65.87
2024-01-22,Ulsan (NASA POWER grid point),129.3114,35.5384,0.47,6.14,-3.99,1.67,78.06,8.3,131.61
2024-01-23,Ulsan (NASA POWER grid point),129.3114,35.5384,-5.05,-1.93,-7.28,0.0,85.81,10.21,141.09
2024-01-24,Ulsan (NASA POWER grid point),129.3114,35.5384,-4.07,-0.06,-7.61,0.0,83.81,8.85,139.75
2024-01-25,Ulsan (NASA POWER grid point),129.3114,35.5384,-1.5,3.07,-5.4,0.0,75.91,6.11,138.36
2024-01-26,Ulsan (NASA POWER grid point),129.3114,35.5384,2.03,6.42,-1.59,0.0,73.02,5.39,143.37
2024-01-27,Ulsan (NASA POWER grid point),129.3114,35.5384,3.59,7.38,0.91,0.0,71.69,4.31,141.34
2024-01-28,Ulsan (NASA POWER grid point),129.3114,35.5384,3.76,6.47,2.52,0.01,69.94,4.78,137.21
2024-01-29,Ulsan (NASA POWER grid point),129.3114,35.5384,3.98,7.13,1.44,0.0,65.54,2.91,135.05
2024-01-30,Ulsan (NASA POWER grid point),129.3114,35.5384,5.86,8.63,2.67,0.01,61.86,1.85,135.95
2024-01-31,Ulsan (NASA POWER grid point),129.3114,35.5384,9.5,11.91,7.59,0.5,73.53,1.61,94.32
2024-02-01,Ulsan (NASA POWER grid point),129.3114,35.5384,7.01,9.43,5.5,0.66,78.8,6.48,52.44
2024-02-02,Ulsan (NASA POWER grid point),129.3114,35.5384,6.19,7.78,4.94,0.16,78.83,4.41,67.14
2024-02-03,Ulsan (NASA POWER grid point),129.3114,35.5384,6.97,8.96,5.57,2.74,81.3,4.8,44.22
2024-02-04,Ulsan (NASA POWER grid point),129.3114,35.5384,8.29,9.56,6.92,3.08,81.83,5.44,54.83
2024-02-05,Ulsan (NASA POWER grid point),129.3114,35.5384,6.93,7.91,5.36,23.23,87.23,9.2,45.63
2024-02-06,Ulsan (NASA POWER grid point),129.3114,35.5384,4.96,6.0,3.91,1.56,82.29,3.51,59.64
2024-02-07,Ulsan (NASA POWER grid point),129.3114,35.5384,4.17,6.16,2.14,1.26,80.47,4.36,117.93
2024-02-08,Ulsan (NASA POWER grid point),129.3114,35.5384,5.25,8.0,2.46,0.33,69.69,2.38,144.73
2024-02-09,Ulsan (NASA POWER grid point),129.3114,35.5384,5.9,8.99,3.0,0.1,66.61,2.75,92.43
2024-02-10,Ulsan (NASA POWER grid point),129.3114,35.5384,4.31,8.3,1.06,0.0,71.75,4.72,149.07
2024-02-11,Ulsan (NASA POWER grid point),129.3114,35.5384,4.49,8.1,1.9,0.0,73.04,5.5,153.17
2024-02-12,Ulsan (NASA POWER grid point),129.3114,35.5384,5.4,9.83,1.83,0.0,66.22,3.6,161.59
2024-02-13,Ulsan (NASA POWER grid point),129.3114,35.5384,9.62,14.45,4.76,0.0,82.65,5.77,158.81
2024-02-14,Ulsan (NASA POWER grid point),129.3114,35.5384,12.38,15.15,9.47,1.89,92.64,4.53,67.13
2024-02-15,Ulsan (NASA POWER grid point),129.3114,35.5384,10.66,16.03,4.78,2.46,87.46,5.52,121.59
2024-02-16,Ulsan (NASA POWER grid point),129.3114,35.5384,5.32,7.26,3.46,0.04,72.35,4.24,113.82
2024-02-17,Ulsan (NASA POWER grid point),129.3114,35.5384,7.51,11.55,4.0,0.0,67.21,2.5,194.86
2024-02-18,Ulsan (NASA POWER grid point),129.3114,35.5384,11.19,14.54,7.33,9.64,80.65,4.45,119.49
2024-02-19,Ulsan (NASA POWER grid point),129.3114,35.5384,15.07,17.71,10.67,19.12,91.19,5.92,87.99
2024-02-20,Ulsan (NASA POWER grid point),129.3114,35.5384,9.16,10.25,8.13,8.75,87.74,8.41,30.65
2024-02-21,Ulsan (NASA POWER grid point),129.3114,35.5384,7.39,8.13,5.93,14.8,89.1,9.63,33.88
2024-02-22,Ulsan (NASA POWER grid point),129.3114,35.5384,5.69,6.41,5.01,8.17,86.04,9.38,30.9
2024-02-23,Ulsan (NASA POWER grid point),129.3114,35.5384,5.1,6.34,4.12,1.17,79.67,7.9,64.17
2024-02-24,Ulsan (NASA POWER grid point),129.3114,35.5384,5.72,7.3,4.12,0.65,77.31,6.33,60.16
2024-02-25,Ulsan (NASA POWER grid point),129.3114,35.5384,6.95,8.75,5.03,2.17,83.81,5.47,89.32
2024-02-26,Ulsan (NASA POWER grid point),129.3114,35.5384,6.12,8.27,4.4,0.26,80.06,6.48,126.52
2024-02-27,Ulsan (NASA POWER grid point),129.3114,35.5384,5.36,6.99,3.85,0.06,74.89,5.83,67.0
2024-02-28,Ulsan (NASA POWER grid point),129.3114,35.5384,6.67,9.15,3.8,0.01,74.13,3.22,165.37
2024-02-29,Ulsan (NASA POWER grid point),129.3114,35.5384,6.91,8.41,5.17,15.25,84.58,4.87,34.14
2024-03-01,Ulsan (NASA POWER grid point),129.3114,35.5384,1.87,5.61,-1.87,0.01,70.21,8.96,194.0
2024-03-02,Ulsan (NASA POWER grid point),129.3114,35.5384,1.28,5.6,-2.85,0.0,69.38,5.73,214.0
2024-03-03,Ulsan (NASA POWER grid point),129.3114,35.5384,6.21,9.65,2.62,0.04,75.02,5.87,167.84
2024-03-04,Ulsan (NASA POWER grid point),129.3114,35.5384,8.07,10.97,4.84,0.06,73.42,3.05,170.92
2024-03-05,Ulsan (NASA POWER grid point),129.3114,35.5384,8.71,9.39,7.47,12.2,86.95,7.4,31.26
2024-03-06,Ulsan (NASA POWER grid point),129.3114,35.5384,8.27,9.72,6.42,1.02,77.58,7.79,70.23
2024-03-07,Ulsan (NASA POWER grid point),129.3114,35.5384,6.97,8.76,4.35,0.6,75.7,3.53,93.06
2024-03-08,Ulsan (NASA POWER grid point),129.3114,35.5384,4.88,8.92,1.91,0.0,69.73,7.43,208.9
2024-03-09,Ulsan (NASA POWER grid point),129.3114,35.5384,4.41,7.22,1.08,0.0,64.12,3.72,210.15
2024-03-10,Ulsan (NASA POWER grid point),129.3114,35.5384,6.78,10.91,2.77,0.0,57.66,2.79,227.4
2024-03-11,Ulsan (NASA POWER grid point),129.3114,35.5384,9.17,11.83,6.48,0.97,68.97,3.25,135.97
2024-03-12,Ulsan (NASA POWER grid point),129.3114,35.5384,8.6,11.77,6.39,6.5,75.09,4.38,120.62
2024-03-13,Ulsan (NASA POWER grid point),129.3114,35.5384,8.29,13.18,4.5,0.02,68.76,4.1,223.63
2024-03-14,Ulsan (NASA POWER grid point),129.3114,35.5384,9.58,14.65,5.2,0.0,61.6,3.85,220.98
2024-03-15,Ulsan (NASA POWER grid point),129.3114,35.5384,10.45,16.55,4.41,0.0,66.43,4.07,246.46
2024-03-16,Ulsan (NASA POWER grid point),129.3114,35.5384,11.5,15.47,6.96,0.02,77.78,3.36,212.41
2024-03-17,Ulsan (NASA POWER grid point),129.3114,35.5384,11.78,15.79,9.02,0.02,75.37,5.14,177.15
2024-03-18,Ulsan (NASA POWER grid point),129.3114,35.5384,9.21,11.75,6.35,0.0,69.9,3.77,226.32
2024-03-19,Ulsan (NASA POWER grid point),129.3114,35.5384,10.12,14.08,5.31,0.26,68.27,6.96,161.41
2024-03-20,Ulsan (NASA POWER grid point),129.3114,35.5384,6.1,9.22,3.46,0.43,67.03,7.53,210.65
2024-03-21,Ulsan (NASA POWER grid point),129.3114,35.5384,6.47,10.51,2.23,0.0,63.6,3.85,240.86
2024-03-22,Ulsan (NASA POWER grid point),129.3114,35.5384,10.57,13.09,7.1,2.97,69.95,5.73,191.98
2024-03-23,Ulsan (NASA POWER grid point),129.3114,35.5384,14.47,18.36,11.74,2.81,81.71,4.41,222.43
2024-03-24,Ulsan (NASA POWER grid point),129.3114,35.5384,11.78,13.19,11.17,3.01,83.01,6.31,63.3
2024-03-25,Ulsan (NASA POWER grid point),129.3114,35.5384,11.27,12.49,9.85,15.57,84.45,7.47,40.75
2024-03-26,Ulsan (NASA POWER grid point),129.3114,35.5384,8.7,10.29,6.16,25.57,82.39,7.99,94.21
2024-03-27,Ulsan (NASA POWER grid point),129.3114,35.5384,9.81,12.87,6.58,0.0,70.57,2.41,221.31
2024-03-28,Ulsan (NASA POWER grid point),129.3114,35.5384,11.94,13.44,10.12,26.68,85.52,5.45,35.9
2024-03-29,Ulsan (NASA POWER grid point),129.3114,35.5384,12.45,16.46,8.47,0.26,82.17,7.22,228.09
2024-03-30,Ulsan (NASA POWER grid point),129.3114,35.5384,12.53,17.05,7.39,1.47,73.75,4.34,184.65
2024-03-31,Ulsan (NASA POWER grid point),129.3114,35.5384,12.13,15.13,8.12,0.0,77.99,2.63,217.49
2024-04-01,Ulsan (NASA POWER grid point),129.3114,35.5384,13.63,18.65,8.03,0.0,67.19,2.83,271.84
2024-04-02,Ulsan (NASA POWER grid point),129.3114,35.5384,14.12,17.62,10.66,1.3,79.16,2.33,167.35
2024-04-03,Ulsan (NASA POWER grid point),129.3114,35.5384,13.58,14.25,12.7,37.08,93.81,6.81,33.39
2024-04-04,Ulsan (NASA POWER grid point),129.3114,35.5384,12.61,14.46,10.8,0.05,74.85,6.26,170.26
2024-04-05,Ulsan (NASA POWER grid point),129.3114,35.5384,12.56,14.79,10.43,0.0,65.42,3.91,239.04
2024-04-06,Ulsan (NASA POWER grid point),129.3114,35.5384,14.17,17.81,11.04,0.0,71.47,1.62,174.53
2024-04-07,Ulsan (NASA POWER grid point),129.3114,35.5384,15.2,20.02,11.33,0.0,63.08,2.06,226.99
2024-04-08,Ulsan (NASA POWER grid point),129.3114,35.5384,16.15,19.46,13.84,0.31,65.01,1.2,158.42
2024-04-09,Ulsan (NASA POWER grid point),129.3114,35.5384,12.08,13.82,8.8,0.29,74.03,7.16,220.03
2024-04-10,Ulsan (NASA POWER grid point),129.3114,35.5384,11.28,13.86,8.5,0.0,68.6,2.53,229.15
2024-04-11,Ulsan (NASA POWER grid point),129.3114,35.5384,14.03,17.06,11.84,0.0,80.54,2.3,146.84
2024-04-12,Ulsan (NASA POWER grid point),129.3114,35.5384,15.61,19.39,11.65,0.0,80.67,1.66,245.38
2024-04-13,Ulsan (NASA POWER grid point),129.3114,35.5384,16.98,20.93,13.91,0.0,72.05,1.42,281.64
2024-04-14,Ulsan (NASA POWER grid point),129.3114,35.5384,16.47,19.32,14.1,0.0,82.36,2.05,265.29
2024-04-15,Ulsan (NASA POWER grid point),129.3114,35.5384,16.14,16.97,15.29,16.98,93.9,5.04,56.99
2024-04-16,Ulsan (NASA POWER grid point),129.3114,35.5384,16.34,20.22,13.38,0.79,81.57,3.07,239.4
2024-04-17,Ulsan (NASA POWER grid point),129.3114,35.5384,14.85,19.43,10.21,0.0,74.31,2.36,227.99
2024-04-18,Ulsan (NASA POWER grid point),129.3114,35.5384,15.57,18.71,12.85,0.0,74.92,3.21,253.51
2024-04-19,Ulsan (NASA POWER grid point),129.3114,35.5384,16.86,22.17,12.16,0.0,76.08,2.86,270.08
2024-04-20,Ulsan (NASA POWER grid point),129.3114,35.5384,15.66,17.6,14.52,8.36,86.04,3.42,60.3
2024-04-21,Ulsan (NASA POWER grid point),129.3114,35.5384,15.54,16.06,14.94,4.23,93.76,5.46,58.2
2024-04-22,Ulsan (NASA POWER grid point),129.3114,35.5384,14.76,15.56,13.64,0.84,84.57,6.1,89.91
2024-04-23,Ulsan (NASA POWER grid point),129.3114,35.5384,14.09,15.61,13.11,15.12,84.29,7.01,152.42
2024-04-24,Ulsan (NASA POWER grid point),129.3114,35.5384,15.07,18.42,12.26,1.41,81.63,3.14,148.73
2024-04-25,Ulsan (NASA POWER grid point),129.3114,35.5384,15.58,20.89,10.06,0.0,79.17,2.93,262.37
2024-04-26,Ulsan (NASA POWER grid point),129.3114,35.5384,15.75,17.71,14.26,0.0,84.85,2.55,157.29
2024-04-27,Ulsan (NASA POWER grid point),129.3114,35.5384,17.59,22.9,13.54,0.01,79.55,2.1,284.67
2024-04-28,Ulsan (NASA POWER grid point),129.3114,35.5384,17.06,20.14,14.25,0.02,84.46,2.46,249.4
2024-04-29,Ulsan (NASA POWER grid point),129.3114,35.5384,15.66,16.2,14.95,15.11,93.58,6.39,48.88
2024-04-30,Ulsan (NASA POWER grid point),129.3114,35.5384,15.95,19.1,13.51,0.54,84.24,4.04,191.89
2024-05-01,Ulsan (NASA POWER grid point),129.3114,35.5384,13.75,15.17,11.87,2.01,73.39,6.42,156.75
2024-05-02,Ulsan (NASA POWER grid point),129.3114,35.5384,13.98,17.32,10.75,0.0,67.17,3.4,323.3
2024-05-03,Ulsan (NASA POWER grid point),129.3114,35.5384,15.51,18.91,11.17,0.0,74.69,2.03,324.71
2024-05-04,Ulsan (NASA POWER grid point),129.3114,35.5384,17.2,20.51,14.04,0.16,81.72,1.75,318.36
2024-05-05,Ulsan (NASA POWER grid point),129.3114,35.5384,17.63,18.73,16.6,9.58,91.26,5.35,73.54
2024-05-06,Ulsan (NASA POWER grid point),129.3114,35.5384,18.55,20.87,15.8,11.24,86.03,6.72,209.37
2024-05-07,Ulsan (NASA POWER grid point),129.3114,35.5384,14.98,18.11,12.63,10.96,84.94,5.2,89.96
2024-05-08,Ulsan (NASA POWER grid point),129.3114,35.5384,13.32,15.03,11.62,2.19,73.84,6.66,217.04
2024-05-09,Ulsan (NASA POWER grid point),129.3114,35.5384,15.62,20.46,10.11,0.0,71.55,2.55,299.22
2024-05-10,Ulsan (NASA POWER grid point),129.3114,35.5384,16.85,21.39,12.45,0.0,69.74,4.05,296.88
2024-05-11,Ulsan (NASA POWER grid point),129.3114,35.5384,17.77,20.03,14.37,2.0,88.89,6.87,203.94
2024-05-12,Ulsan (NASA POWER grid point),129.3114,35.5384,18.14,20.74,15.72,13.05,80.43,3.88,151.49
2024-05-13,Ulsan (NASA POWER grid point),129.3114,35.5384,16.75,20.01,13.28,0.0,73.17,3.54,330.65
2024-05-14,Ulsan (NASA POWER grid point),129.3114,35.5384,17.72,22.34,13.69,0.0,71.62,2.6,324.68
2024-05-15,Ulsan (NASA POWER grid point),129.3114,35.5384,17.66,21.94,12.48,1.92,74.55,3.89,317.16
2024-05-16,Ulsan (NASA POWER grid point),129.3114,35.5384,14.3,19.78,7.16,5.1,70.33,8.06,264.48
2024-05-17,Ulsan (NASA POWER grid point),129.3114,35.5384,16.86,21.57,12.18,0.03,77.41,4.32,296.36
2024-05-18,Ulsan (NASA POWER grid point),129.3114,35.5384,18.15,22.93,13.51,0.03,75.53,3.53,325.1
2024-05-19,Ulsan (NASA POWER grid point),129.3114,35.5384,19.82,24.91,15.41,0.01,66.6,1.71,322.49
2024-05-20,Ulsan (NASA POWER grid point),129.3114,35.5384,19.08,24.64,15.56,0.1,73.39,2.68,284.29
2024-05-21,Ulsan (NASA POWER grid point),129.3114,35.5384,16.43,18.29,14.85,0.11,84.31,4.74,226.96
2024-05-22,Ulsan (NASA POWER grid point),129.3114,35.5384,17.39,20.36,14.28,0.0,83.66,2.43,275.6
2024-05-23,Ulsan (NASA POWER grid point),129.3114,35.5384,20.72,24.85,16.54,0.0,77.11,2.35,311.05
2024-05-24,Ulsan (NASA POWER grid point),129.3114,35.5384,18.07,20.43,15.32,0.01,79.15,5.07,261.11
2024-05-25,Ulsan (NASA POWER grid point),129.3114,35.5384,17.42,19.35,15.82,0.0,71.58,4.5,271.32
2024-05-26,Ulsan (NASA POWER grid point),129.3114,35.5384,19.09,22.1,15.62,9.24,86.85,5.19,235.51
2024-05-27,Ulsan (NASA POWER grid point),129.3114,35.5384,19.64,21.59,16.92,1.4,75.26,4.57,254.51
2024-05-28,Ulsan (NASA POWER grid point),129.3114,35.5384,17.65,19.81,15.21,0.02,76.42,5.84,265.49
2024-05-29,Ulsan (NASA POWER grid point),129.3114,35.5384,18.55,23.13,14.35,0.0,71.76,2.26,318.01
2024-05-30,Ulsan (NASA POWER grid point),129.3114,35.5384,18.96,22.01,17.09,0.0,81.13,1.65,145.34
2024-05-31,Ulsan (NASA POWER grid point),129.3114,35.5384,20.93,25.15,17.35,0.14,73.53,2.4,293.63
2024-06-01,Ulsan (NASA POWER grid point),129.3114,35.5384,19.62,23.09,17.33,0.27,74.51,2.81,243.52
2024-06-02,Ulsan (NASA POWER grid point),129.3114,35.5384,18.67,21.74,16.37,0.37,76.52,2.5,248.32
2024-06-03,Ulsan (NASA POWER grid point),129.3114,35.5384,18.01,20.14,16.29,0.26,76.71,3.71,271.58
2024-06-04,Ulsan (NASA POWER grid point),129.3114,35.5384,18.0,20.59,15.34,0.02,75.69,4.28,278.55
2024-06-05,Ulsan (NASA POWER grid point),129.3114,35.5384,18.97,21.57,16.45,0.0,74.79,2.45,309.24
2024-06-06,Ulsan (NASA POWER grid point),129.3114,35.5384,20.05,22.62,17.32,0.01,77.84,1.34,206.62
2024-06-07,Ulsan (NASA POWER grid point),129.3114,35.5384,20.64,23.43,17.57,0.04,77.84,1.78,271.74
2024-06-08,Ulsan (NASA POWER grid point),129.3114,35.5384,20.36,22.68,18.73,19.13,87.92,3.76,91.45
2024-06-09,Ulsan (NASA POWER grid point),129.3114,35.5384,20.81,23.0,19.13,3.81,90.35,2.52,150.34
2024-06-10,Ulsan (NASA POWER grid point),129.3114,35.5384,22.33,26.84,18.78,0.1,81.08,3.02,285.41
2024-06-11,Ulsan (NASA POWER grid point),129.3114,35.5384,22.93,27.43,19.51,0.07,78.59,3.31,302.84
2024-06-12,Ulsan (NASA POWER grid point),129.3114,35.5384,23.07,27.53,19.37,0.01,78.96,2.78,296.62
2024-06-13,Ulsan (NASA POWER grid point),129.3114,35.5384,24.05,28.05,20.57,0.02,73.67,1.35,312.52
2024-06-14,Ulsan (NASA POWER grid point),129.3114,35.5384,23.49,26.32,20.28,0.01,73.89,2.14,301.42
2024-06-15,Ulsan (NASA POWER grid point),129.3114,35.5384,24.5,28.04,21.72,5.19,77.39,1.62,266.76
2024-06-16,Ulsan (NASA POWER grid point),129.3114,35.5384,24.64,28.94,20.97,0.81,69.28,2.46,291.66
2024-06-17,Ulsan (NASA POWER grid point),129.3114,35.5384,23.02,26.04,20.4,0.02,66.72,2.28,156.06
2024-06-18,Ulsan (NASA POWER grid point),129.3114,35.5384,24.4,29.73,19.15,0.01,66.85,2.32,307.05
2024-06-19,Ulsan (NASA POWER grid point),129.3114,35.5384,24.8,28.91,21.04,0.0,67.75,2.42,269.89
2024-06-20,Ulsan (NASA POWER grid point),129.3114,35.5384,22.68,24.92,20.9,0.12,81.17,3.7,115.76
2024-06-21,Ulsan (NASA POWER grid point),129.3114,35.5384,22.94,25.63,20.72,0.09,82.59,2.33,249.17
2024-06-22,Ulsan (NASA POWER grid point),129.3114,35.5384,22.97,24.06,21.75,46.71,94.23,4.2,52.73
2024-06-23,Ulsan (NASA POWER grid point),129.3114,35.5384,24.35,27.16,22.66,14.02,88.68,3.71,99.06
2024-06-24,Ulsan (NASA POWER grid point),129.3114,35.5384,23.49,25.29,21.9,1.41,88.08,4.89,229.44
2024-06-25,Ulsan (NASA POWER grid point),129.3114,35.5384,22.83,24.99,20.77,0.0,73.75,3.21,175.5
2024-06-26,Ulsan (NASA POWER grid point),129.3114,35.5384,22.74,25.76,20.18,0.0,69.22,1.85,237.07
2024-06-27,Ulsan (NASA POWER grid point),129.3114,35.5384,21.35,23.09,19.52,1.76,79.94,2.08,110.93
2024-06-28,Ulsan (NASA POWER grid point),129.3114,35.5384,22.99,25.4,21.04,2.27,84.91,1.58,298.66
2024-06-29,Ulsan (NASA POWER grid point),129.3114,35.5384,22.89,24.8,20.83,24.32,90.55,5.04,142.28
2024-06-30,Ulsan (NASA POWER grid point),129.3114,35.5384,24.0,25.62,22.72,26.47,93.38,8.41,73.58
2024-07-01,Ulsan (NASA POWER grid point),129.3114,35.5384,24.57,27.74,22.3,1.02,85.55,2.78,254.94
2024-07-02,Ulsan (NASA POWER grid point),129.3114,35.5384,23.76,25.69,22.1,32.7,94.75,3.86,82.49
2024-07-03,Ulsan (NASA POWER grid point),129.3114,35.5384,25.07,27.27,23.21,2.23,88.5,6.44,210.25
2024-07-04,Ulsan (NASA POWER grid point),129.3114,35.5384,25.0,28.72,22.16,0.17,85.08,4.11,306.64
2024-07-05,Ulsan (NASA POWER grid point),129.3114,35.5384,25.12,28.17,23.06,0.83,85.49,5.16,275.31
2024-07-06,Ulsan (NASA POWER grid point),129.3114,35.5384,25.01,27.06,23.09,0.18,89.3,5.92,224.35
2024-07-07,Ulsan (NASA POWER grid point),129.3114,35.5384,25.43,27.62,24.04,0.92,90.38,6.11,185.44
2024-07-08,Ulsan (NASA POWER grid point),129.3114,35.5384,24.85,26.81,23.81,2.64,91.9,5.51,83.99
2024-07-09,Ulsan (NASA POWER grid point),129.3114,35.5384,24.53,25.87,23.72,16.22,93.8,4.37,59.78
2024-07-10,Ulsan (NASA POWER grid point),129.3114,35.5384,24.39,26.47,22.16,47.52,92.98,5.78,68.74
2024-07-11,Ulsan (NASA POWER grid point),129.3114,35.5384,22.59,24.02,21.25,1.92,90.71,1.79,124.14
2024-07-12,Ulsan (NASA POWER grid point),129.3114,35.5384,23.92,26.56,21.62,0.21,87.63,1.48,269.65
2024-07-13,Ulsan (NASA POWER grid point),129.3114,35.5384,23.05,24.83,21.6,2.03,92.6,1.71,183.79
2024-07-14,Ulsan (NASA POWER grid point),129.3114,35.5384,23.01,23.69,22.15,76.01,94.96,2.85,64.58
2024-07-15,Ulsan (NASA POWER grid point),129.3114,35.5384,23.34,24.86,22.09,4.42,94.79,3.06,110.23
2024-07-16,Ulsan (NASA POWER grid point),129.3114,35.5384,23.93,25.3,22.52,13.43,94.16,2.91,109.72
2024-07-17,Ulsan (NASA POWER grid point),129.3114,35.5384,24.88,26.44,23.85,1.85,93.79,4.18,140.59
2024-07-18,Ulsan (NASA POWER grid point),129.3114,35.5384,24.93,25.92,23.93,7.21,94.93,6.27,114.24
2024-07-19,Ulsan (NASA POWER grid point),129.3114,35.5384,25.14,27.21,24.11,12.71,92.59,3.97,153.95
2024-07-20,Ulsan (NASA POWER grid point),129.3114,35.5384,25.5,27.25,23.46,3.67,93.04,3.89,210.75
2024-07-21,Ulsan (NASA POWER grid point),129.3114,35.5384,26.36,28.01,25.12,2.9,91.74,4.83,269.98
2024-07-22,Ulsan (NASA POWER grid point),129.3114,35.5384,26.41,28.26,24.86,1.2,89.14,4.3,265.56
2024-07-23,Ulsan (NASA POWER grid point),129.3114,35.5384,26.61,28.39,25.29,3.42,91.31,4.43,224.49
2024-07-24,Ulsan (NASA POWER grid point),129.3114,35.5384,26.27,27.79,25.21,13.62,92.93,3.49,209.57
2024-07-25,Ulsan (NASA POWER grid point),129.3114,35.5384,26.87,28.74,25.31,4.09,89.32,2.43,273.05
2024-07-26,Ulsan (NASA POWER grid point),129.3114,35.5384,27.04,28.73,25.45,2.73,90.12,2.5,258.96
2024-07-27,Ulsan (NASA POWER grid point),129.3114,35.5384,27.16,28.76,25.83,1.29,92.07,3.44,260.04
2024-07-28,Ulsan (NASA POWER grid point),129.3114,35.5384,27.52,29.55,25.8,0.28,88.93,3.73,286.75
2024-07-29,Ulsan (NASA POWER grid point),129.3114,35.5384,27.93,30.54,25.63,0.05,86.32,3.84,303.23
2024-07-30,Ulsan (NASA POWER grid point),129.3114,35.5384,28.24,31.76,24.9,0.0,81.4,3.04,306.12
2024-07-31,Ulsan (NASA POWER grid point),129.3114,35.5384,28.06,31.4,25.19,0.01,82.09,2.59,308.47
2024-08-01,Ulsan (NASA POWER grid point),129.3114,35.5384,27.81,30.07,25.64,0.03,86.99,2.93,295.29
2024-08-02,Ulsan (NASA POWER grid point),129.3114,35.5384,28.34,30.71,26.47,0.14,88.23,2.94,300.22
2024-08-03,Ulsan (NASA POWER grid point),129.3114,35.5384,29.49,33.03,27.21,0.78,83.2,1.52,259.53
2024-08-04,Ulsan (NASA POWER grid point),129.3114,35.5384,28.21,29.75,26.93,0.97,88.75,2.03,222.18
2024-08-05,Ulsan (NASA POWER grid point),129.3114,35.5384,28.07,29.86,26.64,0.65,85.33,2.31,276.76
2024-08-06,Ulsan (NASA POWER grid point),129.3114,35.5384,27.8,29.67,26.27,1.11,85.32,2.05,256.67
2024-08-07,Ulsan (NASA POWER grid point),129.3114,35.5384,28.64,30.89,26.46,0.69,81.16,1.14,280.85
2024-08-08,Ulsan (NASA POWER grid point),129.3114,35.5384,29.57,32.01,27.34,7.3,80.54,1.43,229.34
2024-08-09,Ulsan (NASA POWER grid point),129.3114,35.5384,28.56,30.59,26.61,1.53,80.13,2.56,275.26
2024-08-10,Ulsan (NASA POWER grid point),129.3114,35.5384,28.14,30.07,26.19,0.01,80.11,3.03,284.15
2024-08-11,Ulsan (NASA POWER grid point),129.3114,35.5384,27.78,29.75,26.05,0.0,76.76,3.34,293.06
2024-08-12,Ulsan (NASA POWER grid point),129.3114,35.5384,27.79,29.85,25.68,0.0,77.74,3.7,276.26
2024-08-13,Ulsan (NASA POWER grid point),129.3114,35.5384,27.61,29.61,25.7,0.22,78.3,4.26,270.23
2024-08-14,Ulsan (NASA POWER grid point),129.3114,35.5384,27.86,29.68,25.94,0.64,81.69,4.29,222.99
2024-08-15,Ulsan (NASA POWER grid point),129.3114,35.5384,27.97,29.42,26.84,0.92,81.76,4.51,203.87
2024-08-16,Ulsan (NASA POWER grid point),129.3114,35.5384,27.85,29.2,26.61,0.24,82.21,4.11,237.05
2024-08-17,Ulsan (NASA POWER grid point),129.3114,35.5384,28.14,29.54,26.91,0.1,79.46,3.53,259.86
2024-08-18,Ulsan (NASA POWER grid point),129.3114,35.5384,27.77,29.06,26.44,0.34,79.55,3.41,267.41
2024-08-19,Ulsan (NASA POWER grid point),129.3114,35.5384,28.86,30.88,26.88,3.45,82.43,2.64,240.28
2024-08-20,Ulsan (NASA POWER grid point),129.3114,35.5384,29.3,30.83,27.8,6.71,86.04,5.23,188.91
2024-08-21,Ulsan (NASA POWER grid point),129.3114,35.5384,28.69,29.68,27.87,8.34,90.68,5.43,167.22
2024-08-22,Ulsan (NASA POWER grid point),129.3114,35.5384,28.92,30.37,27.62,3.06,89.39,5.7,239.02
2024-08-23,Ulsan (NASA POWER grid point),129.3114,35.5384,28.76,30.93,27.05,1.78,81.99,2.73,263.78
2024-08-24,Ulsan (NASA POWER grid point),129.3114,35.5384,28.71,31.53,26.23,0.24,80.53,1.8,258.06
2024-08-25,Ulsan (NASA POWER grid point),129.3114,35.5384,27.93,29.54,26.47,0.57,83.79,1.62,231.63
2024-08-26,Ulsan (NASA POWER grid point),129.3114,35.5384,27.84,29.3,26.3,1.28,85.04,1.82,207.62
2024-08-27,Ulsan (NASA POWER grid point),129.3114,35.5384,27.23,28.47,25.99,16.8,88.7,4.87,116.92
2024-08-28,Ulsan (NASA POWER grid point),129.3114,35.5384,26.7,28.09,25.65,19.83,85.76,7.66,117.6
2024-08-29,Ulsan (NASA POWER grid point),129.3114,35.5384,27.58,28.87,26.72,7.13,85.54,9.28,163.27
2024-08-30,Ulsan (NASA POWER grid point),129.3114,35.5384,27.06,28.87,24.88,6.86,83.61,8.5,202.99
2024-08-31,Ulsan (NASA POWER grid point),129.3114,35.5384,26.36,29.05,23.66,0.0,79.47,3.72,268.43
2024-09-01,Ulsan (NASA POWER grid point),129.3114,35.5384,26.79,29.07,25.04,0.01,77.32,2.17,256.59
2024-09-02,Ulsan (NASA POWER grid point),129.3114,35.5384,26.52,29.02,24.55,0.87,82.57,2.34,171.88
2024-09-03,Ulsan (NASA POWER grid point),129.3114,35.5384,25.74,27.27,24.23,0.68,77.75,5.86,164.68
2024-09-04,Ulsan (NASA POWER grid point),129.3114,35.5384,25.54,27.63,23.87,0.0,71.78,3.91,258.8
2024-09-05,Ulsan (NASA POWER grid point),129.3114,35.5384,27.14,30.6,24.2,0.0,66.85,2.39,262.62
2024-09-06,Ulsan (NASA POWER grid point),129.3114,35.5384,26.62,28.36,25.44,3.34,84.76,2.83,111.05
2024-09-07,Ulsan (NASA POWER grid point),129.3114,35.5384,27.19,29.82,25.28,1.98,81.88,1.94,164.82
2024-09-08,Ulsan (NASA POWER grid point),129.3114,35.5384,27.22,28.89,26.03,2.89,83.34,2.42,171.02
2024-09-09,Ulsan (NASA POWER grid point),129.3114,35.5384,27.37,29.01,26.12,0.42,81.36,4.56,205.28
2024-09-10,Ulsan (NASA POWER grid point),129.3114,35.5384,28.03,29.94,26.13,0.43,84.26,2.95,247.33
2024-09-11,Ulsan (NASA POWER grid point),129.3114,35.5384,28.61,30.57,27.42,4.34,85.92,1.21,125.96
2024-09-12,Ulsan (NASA POWER grid point),129.3114,35.5384,27.64,29.35,26.19,3.23,85.57,2.8,181.67
2024-09-13,Ulsan (NASA POWER grid point),129.3114,35.5384,28.01,30.68,25.89,0.78,81.2,2.14,226.65
2024-09-14,Ulsan (NASA POWER grid point),129.3114,35.5384,28.39,30.96,26.51,0.05,78.46,2.3,233.05
2024-09-15,Ulsan (NASA POWER grid point),129.3114,35.5384,27.81,29.27,26.94,2.5,87.11,6.19,69.77
2024-09-16,Ulsan (NASA POWER grid point),129.3114,35.5384,27.38,28.96,26.5,1.56,87.61,6.16,95.06
2024-09-17,Ulsan (NASA POWER grid point),129.3114,35.5384,28.3,30.53,26.34,0.49,83.64,2.19,222.81
2024-09-18,Ulsan (NASA POWER grid point),129.3114,35.5384,28.76,30.86,27.15,1.53,81.2,2.1,215.32
2024-09-19,Ulsan (NASA POWER grid point),129.3114,35.5384,28.7,30.7,26.73,1.58,79.68,2.09,199.73
2024-09-20,Ulsan (NASA POWER grid point),129.3114,35.5384,28.14,28.97,27.42,17.96,88.69,4.55,61.71
2024-09-21,Ulsan (NASA POWER grid point),129.3114,35.5384,26.05,27.4,23.66,107.55,90.85,3.55,34.58
2024-09-22,Ulsan (NASA POWER grid point),129.3114,35.5384,23.54,24.92,22.22,3.8,80.24,9.08,79.29
2024-09-23,Ulsan (NASA POWER grid point),129.3114,35.5384,21.84,22.96,20.89,0.22,72.66,6.91,193.57
2024-09-24,Ulsan (NASA POWER grid point),129.3114,35.5384,22.91,24.81,21.11,1.24,79.57,4.95,128.24
2024-09-25,Ulsan (NASA POWER grid point),129.3114,35.5384,24.3,26.05,22.83,0.45,79.02,3.8,164.37
2024-09-26,Ulsan (NASA POWER grid point),129.3114,35.5384,24.56,26.72,22.8,0.3,78.02,2.27,199.36
2024-09-27,Ulsan (NASA POWER grid point),129.3114,35.5384,24.4,26.37,23.01,0.09,79.09,4.28,170.86
2024-09-28,Ulsan (NASA POWER grid point),129.3114,35.5384,24.08,25.61,23.12,0.99,79.79,6.73,143.78
2024-09-29,Ulsan (NASA POWER grid point),129.3114,35.5384,23.23,24.71,21.59,0.08,73.05,6.25,190.07
2024-09-30,Ulsan (NASA POWER grid point),129.3114,35.5384,22.97,24.55,21.66,1.4,78.45,3.0,182.43
2024-10-01,Ulsan (NASA POWER grid point),129.3114,35.5384,23.09,26.59,19.34,0.58,74.58,4.32,192.83
2024-10-02,Ulsan (NASA POWER grid point),129.3114,35.5384,18.5,20.71,15.95,0.87,66.06,6.85,190.92
2024-10-03,Ulsan (NASA POWER grid point),129.3114,35.5384,19.07,19.95,17.14,10.8,81.35,8.58,48.57
2024-10-04,Ulsan (NASA POWER grid point),129.3114,35.5384,19.42,21.82,17.4,1.5,73.54,5.78,201.17
2024-10-05,Ulsan (NASA POWER grid point),129.3114,35.5384,20.15,22.6,17.74,0.03,74.36,4.58,157.72
2024-10-06,Ulsan (NASA POWER grid point),129.3114,35.5384,20.57,22.31,19.1,6.39,81.56,3.86,55.79
2024-10-07,Ulsan (NASA POWER grid point),129.3114,35.5384,18.89,20.3,17.67,15.62,81.6,3.95,62.5
2024-10-08,Ulsan (NASA POWER grid point),129.3114,35.5384,20.07,21.83,18.43,5.05,79.86,4.99,124.26
2024-10-09,Ulsan (NASA POWER grid point),129.3114,35.5384,19.97,21.67,18.21,0.46,73.02,5.9,128.51
2024-10-10,Ulsan (NASA POWER grid point),129.3114,35.5384,19.86,22.18,17.68,0.1,69.17,3.5,183.79
2024-10-11,Ulsan (NASA POWER grid point),129.3114,35.5384,20.35,22.41,18.25,0.57,66.94,1.9,183.33
2024-10-12,Ulsan (NASA POWER grid point),129.3114,35.5384,20.74,23.24,18.07,0.03,66.89,1.72,195.4
2024-10-13,Ulsan (NASA POWER grid point),129.3114,35.5384,20.65,22.61,17.95,0.02,75.48,4.33,161.16
2024-10-14,Ulsan (NASA POWER grid point),129.3114,35.5384,21.88,23.23,20.82,14.69,85.46,3.1,65.29
2024-10-15,Ulsan (NASA POWER grid point),129.3114,35.5384,22.82,24.08,20.83,10.01,89.0,3.67,59.99
2024-10-16,Ulsan (NASA POWER grid point),129.3114,35.5384,21.58,23.95,19.6,0.09,82.66,4.5,151.52
2024-10-17,Ulsan (NASA POWER grid point),129.3114,35.5384,21.0,22.38,19.79,0.1,78.08,4.4,101.92
2024-10-18,Ulsan (NASA POWER grid point),129.3114,35.5384,22.84,24.39,20.58,5.62,91.69,4.8,67.07
2024-10-19,Ulsan (NASA POWER grid point),129.3114,35.5384,20.34,24.0,15.73,5.13,83.67,7.68,31.16
2024-10-20,Ulsan (NASA POWER grid point),129.3114,35.5384,16.05,17.33,14.35,0.01,71.67,9.33,66.71
2024-10-21,Ulsan (NASA POWER grid point),129.3114,35.5384,19.5,21.05,17.35,10.5,80.89,3.68,78.29
2024-10-22,Ulsan (NASA POWER grid point),129.3114,35.5384,21.68,23.23,20.16,71.01,94.6,5.79,32.17
2024-10-23,Ulsan (NASA POWER grid point),129.3114,35.5384,17.65,21.36,13.64,1.3,76.32,7.02,182.06
2024-10-24,Ulsan (NASA POWER grid point),129.3114,35.5384,15.66,19.8,11.74,0.01,72.01,4.04,181.2
2024-10-25,Ulsan (NASA POWER grid point),129.3114,35.5384,19.0,21.02,16.81,0.03,78.78,5.24,128.5
2024-10-26,Ulsan (NASA POWER grid point),129.3114,35.5384,19.25,21.05,17.52,0.03,80.55,4.68,118.19
2024-10-27,Ulsan (NASA POWER grid point),129.3114,35.5384,18.23,20.44,16.74,10.04,73.1,1.92,61.91
2024-10-28,Ulsan (NASA POWER grid point),129.3114,35.5384,17.4,19.39,15.76,0.99,80.84,5.73,51.37
2024-10-29,Ulsan (NASA POWER grid point),129.3114,35.5384,17.55,19.45,16.06,0.01,74.95,5.23,99.33
2024-10-30,Ulsan (NASA POWER grid point),129.3114,35.5384,17.49,20.45,14.68,0.0,74.65,4.07,164.33
2024-10-31,Ulsan (NASA POWER grid point),129.3114,35.5384,18.46,20.21,16.87,0.0,76.69,3.85,108.95
2024-11-01,Ulsan (NASA POWER grid point),129.3114,35.5384,17.38,18.41,16.65,27.17,84.66,3.53,36.43
2024-11-02,Ulsan (NASA POWER grid point),129.3114,35.5384,18.75,20.6,17.3,24.64,80.33,8.56,82.21
2024-11-03,Ulsan (NASA POWER grid point),129.3114,35.5384,18.13,19.95,16.18,0.0,67.06,3.39,160.33
2024-11-04,Ulsan (NASA POWER grid point),129.3114,35.5384,17.53,21.38,14.61,0.04,73.43,3.73,139.55
2024-11-05,Ulsan (NASA POWER grid point),129.3114,35.5384,15.77,18.39,11.05,0.63,75.56,4.4,94.95
2024-11-06,Ulsan (NASA POWER grid point),129.3114,35.5384,11.55,14.81,8.78,0.4,67.17,6.43,166.67
2024-11-07,Ulsan (NASA POWER grid point),129.3114,35.5384,14.29,16.5,11.58,0.02,73.63,3.53,119.23
2024-11-08,Ulsan (NASA POWER grid point),129.3114,35.5384,16.02,17.96,14.39,0.09,70.33,3.23,100.39
2024-11-09,Ulsan (NASA POWER grid point),129.3114,35.5384,17.07,18.82,15.71,0.07,69.37,3.89,129.65
2024-11-10,Ulsan (NASA POWER grid point),129.3114,35.5384,17.27,18.82,15.79,0.02,69.39,2.25,61.72
2024-11-11,Ulsan (NASA POWER grid point),129.3114,35.5384,16.94,19.86,14.07,0.0,74.34,3.32,122.64
2024-11-12,Ulsan (NASA POWER grid point),129.3114,35.5384,16.66,19.6,13.91,0.01,70.24,3.66,134.36
2024-11-13,Ulsan (NASA POWER grid point),129.3114,35.5384,16.53,18.05,14.95,0.08,72.01,4.82,110.01
2024-11-14,Ulsan (NASA POWER grid point),129.3114,35.5384,16.49,18.52,14.49,0.0,72.14,2.97,99.81
2024-11-15,Ulsan (NASA POWER grid point),129.3114,35.5384,17.2,18.85,16.02,0.54,74.29,3.34,59.5
2024-11-16,Ulsan (NASA POWER grid point),129.3114,35.5384,18.53,20.5,16.94,0.0,77.75,2.76,121.28
2024-11-17,Ulsan (NASA POWER grid point),129.3114,35.5384,14.56,16.96,9.53,2.3,75.34,5.99,43.25
2024-11-18,Ulsan (NASA POWER grid point),129.3114,35.5384,8.71,10.77,5.89,0.14,73.42,7.7,119.83
2024-11-19,Ulsan (NASA POWER grid point),129.3114,35.5384,11.11,12.86,9.49,0.07,73.91,4.34,74.6
2024-11-20,Ulsan (NASA POWER grid point),129.3114,35.5384,11.17,13.82,8.68,0.0,67.66,3.27,123.16
2024-11-21,Ulsan (NASA POWER grid point),129.3114,35.5384,11.4,14.71,8.7,0.0,76.76,4.41,121.04
2024-11-22,Ulsan (NASA POWER grid point),129.3114,35.5384,10.91,13.8,8.62,0.04,70.12,5.36,134.04
2024-11-23,Ulsan (NASA POWER grid point),129.3114,35.5384,10.94,12.89,9.52,0.73,75.66,5.0,82.22
2024-11-24,Ulsan (NASA POWER grid point),129.3114,35.5384,11.82,13.79,9.89,0.07,70.81,2.79,96.29
2024-11-25,Ulsan (NASA POWER grid point),129.3114,35.5384,13.24,14.75,10.97,0.0,73.67,4.28,87.02
2024-11-26,Ulsan (NASA POWER grid point),129.3114,35.5384,12.5,16.46,7.12,22.41,75.77,8.93,65.24
2024-11-27,Ulsan (NASA POWER grid point),129.3114,35.5384,6.92,8.34,5.14,1.04,80.84,7.43,79.25
2024-11-28,Ulsan (NASA POWER grid point),129.3114,35.5384,7.03,10.29,4.92,0.39,79.52,7.6,111.15
2024-11-29,Ulsan (NASA POWER grid point),129.3114,35.5384,5.98,8.39,3.0,0.1,84.78,5.88,107.34
2024-11-30,Ulsan (NASA POWER grid point),129.3114,35.5384,7.68,11.6,4.25,0.0,76.52,5.81,129.89
2024-12-01,Ulsan (NASA POWER grid point),129.3114,35.5384,10.5,13.3,7.39,0.01,74.27,2.91,109.17
2024-12-02,Ulsan (NASA POWER grid point),129.3114,35.5384,12.7,16.81,9.45,0.19,78.82,4.7,118.69
2024-12-03,Ulsan (NASA POWER grid point),129.3114,35.5384,6.8,9.56,4.46,0.0,66.19,6.49,103.04
2024-12-04,Ulsan (NASA POWER grid point),129.3114,35.5384,5.86,9.62,3.53,0.0,72.54,5.36,126.25
2024-12-05,Ulsan (NASA POWER grid point),129.3114,35.5384,6.96,10.27,4.17,0.02,76.07,5.66,89.16
2024-12-06,Ulsan (NASA POWER grid point),129.3114,35.5384,6.48,9.47,3.85,0.03,75.53,5.75,88.38
2024-12-07,Ulsan (NASA POWER grid point),129.3114,35.5384,4.73,7.68,2.1,0.01,76.61,6.05,116.62
2024-12-08,Ulsan (NASA POWER grid point),129.3114,35.5384,3.19,6.7,0.84,0.0,73.87,7.11,128.89
2024-12-09,Ulsan (NASA POWER grid point),129.3114,35.5384,4.34,8.01,1.8,0.0,70.56,4.49,121.83
2024-12-10,Ulsan (NASA POWER grid point),129.3114,35.5384,5.53,9.17,2.91,0.0,70.16,4.44,117.6
2024-12-11,Ulsan (NASA POWER grid point),129.3114,35.5384,7.46,10.41,4.9,2.56,75.88,4.56,91.88
2024-12-12,Ulsan (NASA POWER grid point),129.3114,35.5384,6.55,8.99,4.79,0.09,74.18,4.37,114.52
2024-12-13,Ulsan (NASA POWER grid point),129.3114,35.5384,4.87,7.54,2.41,0.0,67.86,5.74,70.74
2024-12-14,Ulsan (NASA POWER grid point),129.3114,35.5384,2.78,6.03,0.77,0.01,73.42,7.26,122.74
2024-12-15,Ulsan (NASA POWER grid point),129.3114,35.5384,4.72,7.97,2.08,0.03,82.24,6.05,61.61
2024-12-16,Ulsan (NASA POWER grid point),129.3114,35.5384,4.18,7.49,1.34,0.0,72.76,5.25,122.36
2024-12-17,Ulsan (NASA POWER grid point),129.3114,35.5384,4.47,7.22,2.14,0.01,73.38,5.48,115.8
2024-12-18,Ulsan (NASA POWER grid point),129.3114,35.5384,2.42,4.57,0.02,2.35,78.12,6.49,113.43
2024-12-19,Ulsan (NASA POWER grid point),129.3114,35.5384,5.17,7.81,3.1,0.35,73.9,5.03,112.62
2024-12-20,Ulsan (NASA POWER grid point),129.3114,35.5384,5.85,8.55,4.21,0.02,70.89,3.95,91.58
2024-12-21,Ulsan (NASA POWER grid point),129.3114,35.5384,4.42,6.48,0.15,0.19,80.7,7.23,76.57
2024-12-22,Ulsan (NASA POWER grid point),129.3114,35.5384,0.49,3.99,-2.19,0.01,74.7,7.86,122.09
2024-12-23,Ulsan (NASA POWER grid point),129.3114,35.5384,3.24,7.34,0.33,0.0,74.07,6.0,120.64
2024-12-24,Ulsan (NASA POWER grid point),129.3114,35.5384,4.04,6.94,0.89,0.0,63.93,4.23,130.27
2024-12-25,Ulsan (NASA POWER grid point),129.3114,35.5384,5.47,7.76,3.82,0.0,69.25,3.95,104.18
2024-12-26,Ulsan (NASA POWER grid point),129.3114,35.5384,5.15,7.54,0.85,0.0,75.1,6.26,101.01
2024-12-27,Ulsan (NASA POWER grid point),129.3114,35.5384,1.12,4.02,-1.58,0.0,74.63,7.32,114.15
2024-12-28,Ulsan (NASA POWER grid point),129.3114,35.5384,0.87,3.27,-1.35,0.03,77.19,7.23,120.24
2024-12-29,Ulsan (NASA POWER grid point),129.3114,35.5384,3.45,7.21,0.1,0.0,77.18,4.68,121.8
2024-12-30,Ulsan (NASA POWER grid point),129.3114,35.5384,6.89,9.75,4.5,0.0,76.4,4.54,109.93
2024-12-31,Ulsan (NASA POWER grid point),129.3114,35.5384,4.91,7.16,1.83,0.0,67.59,6.26,127.86
